"";"Disease";"Latitude";"Longitude";"Species";"Observation_date";"year"
"1";"Moose_sick";56,4348974758211;16,1077726256666;"Human";2013-05-01;2013
"2";"Moose_sick";56,5543476941745;15,7479264016978;"Human";2013-10-01;2013
"3";"Moose_sick";66,0750589647876;19,8640363586178;"Human";2013-03-02;2013
"4";"Moose_sick";57,9827976704662;12,5401921898683;"Human";2013-11-04;2013
"5";"Moose_sick";58,616816835215;13,5281912605393;"Human";2013-11-04;2013
"6";"Moose_sick";57,2837727306748;18,6251750150524;"Human";2013-02-05;2013
"7";"Moose_sick";58,7311784617327;13,1132005587173;"Human";2013-02-06;2013
"8";"Moose_sick";56,3052835944787;15,975071681014;"Human";2013-04-06;2013
"9";"Moose_sick";66,2189242598536;18,8997824823973;"Human";2013-06-06;2013
"10";"Moose_sick";63,9327085828624;18,5355917096671;"Human";2013-07-06;2013
"11";"Moose_sick";57,3869102737104;18,7618613348049;"Human";2013-11-07;2013
"12";"Moose_sick";56,9456542478898;15,1055585556257;"Human";2013-05-08;2013
"13";"Moose_sick";56,3521445956384;15,7654781400426;"Human";2013-08-08;2013
"14";"Moose_sick";56,3975602319544;15,7899801605145;"Human";2013-10-08;2013
"15";"Moose_sick";58,4552889248291;13,6769400490359;"Human";2013-11-09;2013
"16";"Moose_sick";57,9908007854546;15,1000165439893;"Human";2013-06-10;2013
"17";"Moose_sick";67,1558370771036;23,4195379089248;"Human";2013-07-11;2013
"18";"Moose_sick";58,1818016214816;12,5509801946783;"Human";2013-10-11;2013
"19";"Moose_sick";56,0887719094419;13,9489786888798;"Human";2013-06-12;2013
"20";"Moose_sick";58,1351311049127;12,8496761716732;"Human";2013-06-12;2013
"21";"Moose_sick";56,4980012346159;15,6062141843557;"Human";2013-11-12;2013
"22";"Moose_sick";56,9857324371917;14,8558408447262;"Human";2013-02-13;2013
"23";"Moose_sick";58,1784702075839;12,5893342817474;"Human";2013-12-13;2013
"24";"Moose_sick";59,0502830558796;16,7255408959407;"Moose";2013-10-14;2013
"25";"Moose_sick";64,6768286593104;18,3931680293327;"Human";2013-05-15;2013
"26";"Moose_sick";57,9712467531725;14,7804349270005;"Human";2013-07-15;2013
"27";"Moose_sick";56,5520348737149;15,4191966368826;"Human";2013-08-15;2013
"28";"Moose_sick";67,0655687500444;23,606981942914;"Human";2013-11-15;2013
"29";"Moose_sick";65,2265025425536;19,9133947742203;"Human";2013-11-15;2013
"30";"Moose_sick";57,8391786050959;12,3065144672438;"Human";2013-11-15;2013
"31";"Moose_sick";57,2395586534748;18,6157474938916;"Moose";2013-12-15;2013
"32";"Moose_sick";58,7278880389759;13,4371837700453;"Human";2013-06-16;2013
"33";"Moose_sick";56,2078069771915;14,3231588485206;"Human";2013-06-16;2013
"34";"Moose_sick";66,4236668004045;18,6941742367078;"Human";2013-06-16;2013
"35";"Moose_sick";57,8520474935818;12,5366994280764;"Human";2013-08-17;2013
"36";"Moose_sick";66,2995978880415;20,0367592238203;"Human";2013-08-17;2013
"37";"Moose_sick";67,0933070217015;22,0394048475251;"Human";2013-08-18;2013
"38";"Moose_sick";56,6431926193235;15,8011105226507;"Human";2013-10-18;2013
"39";"Moose_sick";65,9296898921315;18,7588960319971;"Human";2013-10-18;2013
"40";"Moose_sick";56,2331064835715;13,9733014759479;"Human";2013-03-19;2013
"41";"Moose_sick";56,2434042536155;13,9535907440577;"Human";2013-05-20;2013
"42";"Moose_sick";66,1962359691338;19,4885447967973;"Human";2013-12-20;2013
"43";"Moose_sick";57,9194737066389;14,9710859087252;"Human";2013-06-21;2013
"44";"Moose_sick";64,1057473499721;19,7662975698174;"Human";2013-06-21;2013
"45";"Moose_sick";66,8440798025631;23,1802311393141;"Human";2013-04-23;2013
"46";"Moose_sick";57,9953477889661;14,9954790005462;"Human";2013-02-24;2013
"47";"Moose_sick";57,3293805941197;18,5864174359059;"Human";2013-02-24;2013
"48";"Moose_sick";57,3444477943261;18,5286467088192;"Human";2013-05-25;2013
"49";"Moose_sick";65,4927583076063;18,5888868921376;"Human";2013-10-25;2013
"50";"Moose_sick";56,9316037084319;14,9514021886423;"Human";2013-01-26;2013
"51";"Moose_sick";66,0927233465212;19,9055486768238;"Human";2013-10-26;2013
"52";"Moose_sick";56,5256410430176;16,4027199523225;"Human";2013-10-26;2013
"53";"Moose_sick";63,7927231655131;18,8591598373728;"Human";2013-10-26;2013
"54";"Moose_sick";56,4881574509161;15,7793422023602;"Human";2013-12-26;2013
"55";"Moose_sick";57,2534466176012;18,5636875550978;"Human";2013-05-27;2013
"56";"Moose_sick";57,8964500163213;12,0850729963444;"Human";2013-10-27;2013
"57";"Moose_sick";58,1539035933184;12,4500097476391;"Human";2013-12-27;2013
"58";"Moose_sick";58,0000787290854;15,0883465448384;"Human";2013-04-28;2013
"59";"Moose_sick";65,8076349821846;19,0665774892613;"Human";2013-06-28;2013
"60";"Moose_sick";59,1922547515833;16,7392334879513;"Human";2013-01-29;2013
"61";"Moose_sick";58,9338016908938;16,7754607812658;"Human";2013-04-29;2013
"62";"Moose_sick";56,4234991963692;15,6718908195511;"Human";2013-05-29;2013
"63";"Moose_sick";58,462716797706;13,4511202609889;"Human";2013-05-29;2013
"64";"Moose_sick";65,8555574818388;18,101288562819;"Human";2013-12-29;2013
"65";"Moose_sick";56,5354706513443;16,0052591311968;"Human";2013-10-30;2013
"66";"Moose_sick";56,6269815526312;15,8067423502794;"Human";2013-05-31;2013
"67";"Moose_sick";63,8347921698354;19,4800912911735;"Human";2013-12-31;2013
"68";"Moose_sick";59,4972112632407;17,1303961021009;"Human";2014-03-01;2014
"69";"Moose_sick";67,6661549104116;19,4875269759677;"Human";2014-03-01;2014
"70";"Moose_sick";57,1069618109787;12,6373225260327;"Human";2014-04-01;2014
"71";"Moose_sick";61,1088968006382;14,4087027662692;"Human";2014-04-01;2014
"72";"Moose_sick";58,711068041853;13,0843553698738;"Human";2014-04-01;2014
"73";"Moose_sick";63,7811978899556;20,0276268639582;"Human";2014-05-01;2014
"74";"Moose_sick";60,4968241013389;17,7636018656933;"Human";2014-05-01;2014
"75";"Moose_sick";59,8193644307963;13,3794322907912;"Human";2014-05-01;2014
"76";"Moose_sick";67,2972947980637;18,5072826585346;"Human";2014-05-01;2014
"77";"Moose_sick";68,5114578738622;21,879021500281;"Human";2014-05-01;2014
"78";"Moose_sick";64,4731495914667;17,4914991248379;"Human";2014-05-01;2014
"79";"Moose_sick";58,9447760967109;12,958244395227;"Human";2014-05-01;2014
"80";"Moose_sick";61,098948909415;13,3206143227762;"Human";2014-05-01;2014
"81";"Moose_sick";56,8266962016577;15,6625453821395;"Human";2014-05-01;2014
"82";"Moose_sick";62,9940029322985;16,5409522495469;"Human";2014-07-01;2014
"83";"Moose_sick";59,0976420669378;13,307981503488;"Human";2014-10-01;2014
"84";"Moose_sick";68,0208077586303;17,3766192118563;"Human";2014-10-01;2014
"85";"Moose_sick";60,047190742308;17,1373167447513;"Human";2014-02-02;2014
"86";"Moose_sick";59,0648137341252;15,9555938837878;"Human";2014-02-02;2014
"87";"Moose_sick";64,4023421028192;14,1410305069738;"Human";2014-05-02;2014
"88";"Moose_sick";61,332481073252;13,4724477778973;"Human";2014-05-02;2014
"89";"Moose_sick";66,5231522062653;19,394051759954;"Human";2014-05-02;2014
"90";"Moose_sick";67,0928267906126;17,9862517561931;"Human";2014-05-02;2014
"91";"Moose_sick";64,1672673451222;18,2049914323061;"Human";2014-05-02;2014
"92";"Moose_sick";60,5985101506008;13,2643488466605;"Human";2014-05-02;2014
"93";"Moose_sick";55,8819543288721;14,0500785185939;"Human";2014-11-02;2014
"94";"Moose_sick";64,5818312340642;17,4165913906888;"Human";2014-02-03;2014
"95";"Moose_sick";67,8220682221523;21,609695499821;"Human";2014-05-03;2014
"96";"Moose_sick";58,8606254182426;16,3367127318998;"Human";2014-05-03;2014
"97";"Moose_sick";58,9648794841618;15,8198761103433;"Human";2014-05-03;2014
"98";"Moose_sick";56,3640616622114;14,3303644838843;"Human";2014-05-03;2014
"99";"Moose_sick";61,7067196830395;13,8381738868795;"Human";2014-05-03;2014
"100";"Moose_sick";64,090965264782;18,7243832614646;"Human";2014-05-03;2014
"101";"Moose_sick";58,9890595322166;16,1259692667362;"Human";2014-05-03;2014
"102";"Moose_sick";59,1309942903996;16,1258158443569;"Human";2014-05-03;2014
"103";"Moose_sick";59,1103705182364;16,0884457064554;"Human";2014-07-03;2014
"104";"Moose_sick";59,5054790921269;16,1708402648471;"Human";2014-10-03;2014
"105";"Moose_sick";63,5420753320337;15,8534153651827;"Human";2014-10-03;2014
"106";"Moose_sick";64,6010453386762;18,1856776290073;"Human";2014-10-03;2014
"107";"Moose_sick";68,1828507816996;22,4691571131767;"Human";2014-11-03;2014
"108";"Moose_sick";63,611507798308;19,4766306433144;"Human";2014-04-04;2014
"109";"Moose_sick";56,2543381187615;13,2267164094198;"Human";2014-04-04;2014
"110";"Moose_sick";58,0327566891345;12,1378772177775;"Human";2014-05-04;2014
"111";"Moose_sick";58,0482233424425;11,9273730119602;"Human";2014-05-04;2014
"112";"Moose_sick";67,0161965851668;18,9477809805128;"Human";2014-05-04;2014
"113";"Moose_sick";58,6293138870805;13,2673387150608;"Human";2014-05-04;2014
"114";"Moose_sick";68,2727331001003;21,081334115667;"Human";2014-05-04;2014
"115";"Moose_sick";64,0081574236523;12,9298397645649;"Human";2014-06-04;2014
"116";"Moose_sick";67,9986856496474;22,8283845171032;"Human";2014-06-04;2014
"117";"Moose_sick";62,6759517752691;12,27735716688;"Human";2014-07-04;2014
"118";"Moose_sick";60,1284415459911;14,1018624974585;"Human";2014-11-04;2014
"119";"Moose_sick";65,0983656085371;16,8280638374081;"Human";2014-03-05;2014
"120";"Moose_sick";68,6445904729286;20,932144037195;"Human";2014-04-05;2014
"121";"Moose_sick";68,2436595294584;21,3688918603219;"Human";2014-05-05;2014
"122";"Moose_sick";67,4116482199339;19,9254468659134;"Human";2014-05-05;2014
"123";"Moose_sick";65,6083298434556;18,9717597569931;"Human";2014-05-05;2014
"124";"Moose_sick";64,1339739600856;18,7469510627257;"Human";2014-05-05;2014
"125";"Moose_sick";60,95818736831;12,3474057793702;"Human";2014-05-05;2014
"126";"Moose_sick";67,9285975453815;22,1723721759475;"Human";2014-05-05;2014
"127";"Moose_sick";56,8868331945383;15,4647522849256;"Human";2014-05-05;2014
"128";"Moose_sick";68,367553383465;22,0096564262005;"Moose";2014-07-05;2014
"129";"Moose_sick";67,736699878231;20,9076996693054;"Human";2014-03-06;2014
"130";"Moose_sick";64,0808995545383;16,5569956641671;"Human";2014-04-06;2014
"131";"Moose_sick";63,4957267996845;15,5022294212875;"Moose";2014-05-06;2014
"132";"Moose_sick";58,6608198563292;12,8113934470485;"Moose";2014-05-06;2014
"133";"Moose_sick";64,469997611701;16,1261132723378;"Human";2014-05-06;2014
"134";"Moose_sick";61,0729513948247;12,6944227794068;"Human";2014-05-06;2014
"135";"Moose_sick";56,6990707043924;13,8465573992429;"Human";2014-05-06;2014
"136";"Moose_sick";65,3529679034951;16,6431761313357;"Human";2014-06-06;2014
"137";"Moose_sick";59,5507462189179;17,3886615880011;"Human";2014-02-07;2014
"138";"Moose_sick";67,8745045676685;21,3199441348885;"Human";2014-04-07;2014
"139";"Moose_sick";65,4612984809299;19,6257209000374;"Human";2014-04-07;2014
"140";"Moose_sick";65,2037785265757;20,462811108342;"Human";2014-05-07;2014
"141";"Moose_sick";57,0143006253786;12,7982138417456;"Human";2014-05-07;2014
"142";"Moose_sick";62,0781410933592;13,8677499969681;"Human";2014-05-07;2014
"143";"Moose_sick";63,0135242273352;16,4758705186967;"Human";2014-10-07;2014
"144";"Moose_sick";68,1274085913332;18,2216185831535;"Human";2014-10-07;2014
"145";"Moose_sick";67,4116067272556;16,2449432550114;"Human";2014-04-08;2014
"146";"Moose_sick";58,1815227603971;11,5178529365185;"Human";2014-04-08;2014
"147";"Moose_sick";59,0404268236014;15,6287118311279;"Human";2014-04-08;2014
"148";"Moose_sick";67,8310278629033;19,4907853382788;"Human";2014-04-08;2014
"149";"Moose_sick";55,9694690574898;13,929380443427;"Human";2014-04-08;2014
"150";"Moose_sick";67,3001786560775;18,6164565029833;"Human";2014-05-08;2014
"151";"Moose_sick";60,7240049384371;13,1041209228017;"Human";2014-05-08;2014
"152";"Moose_sick";68,5640026995644;20,9895106497553;"Human";2014-05-08;2014
"153";"Moose_sick";57,6851890581067;18,7520524569265;"Human";2014-05-08;2014
"154";"Moose_sick";56,4764344257501;14,3438199151312;"Human";2014-05-08;2014
"155";"Moose_sick";58,8545783884975;15,8003641909778;"Human";2014-05-08;2014
"156";"Moose_sick";65,7613374442936;16,4502034327331;"Human";2014-05-08;2014
"157";"Moose_sick";61,1687545243723;13,0000089190663;"Human";2014-11-08;2014
"158";"Moose_sick";56,5364378329084;16,0072759467447;"Human";2014-11-08;2014
"159";"Moose_sick";59,5478921214926;17,3545379906093;"Human";2014-12-08;2014
"160";"Moose_sick";60,8487853401252;12,4017161525415;"Human";2014-03-09;2014
"161";"Moose_sick";59,5626951079278;16,5236168322755;"Human";2014-04-09;2014
"162";"Moose_sick";64,5663562655309;14,2103831594482;"Human";2014-04-09;2014
"163";"Moose_sick";67,6503241601404;19,971108815093;"Human";2014-04-09;2014
"164";"Moose_sick";56,8636717983707;13,3895179370781;"Human";2014-04-09;2014
"165";"Moose_sick";63,9639517566745;17,149668522682;"Human";2014-04-09;2014
"166";"Moose_sick";64,5973247587345;15,018638251981;"Human";2014-04-09;2014
"167";"Moose_sick";61,0346833339184;13,1187076883039;"Human";2014-04-09;2014
"168";"Moose_sick";63,9212422263754;14,8343180573289;"Human";2014-04-09;2014
"169";"Moose_sick";59,7898760841377;16,0471633239774;"Human";2014-04-09;2014
"170";"Moose_sick";57,6763280505071;13,4390086338342;"Human";2014-04-09;2014
"171";"Moose_sick";58,1611987469748;13,0740580977169;"Human";2014-04-09;2014
"172";"Moose_sick";58,4697344083286;13,3115654025252;"Human";2014-05-09;2014
"173";"Moose_sick";61,6152696738679;13,6650233834589;"Human";2014-05-09;2014
"174";"Moose_sick";60,8989550474589;13,5627612903637;"Human";2014-05-09;2014
"175";"Moose_sick";56,4071647178475;14,5993845184595;"Human";2014-05-09;2014
"176";"Moose_sick";59,4738129188548;16,1743481460912;"Human";2014-05-09;2014
"177";"Moose_sick";57,2283592792649;14,0844449063553;"Human";2014-03-10;2014
"178";"Moose_sick";68,5221869879298;21,7131124459966;"Human";2014-04-10;2014
"179";"Moose_sick";66,8144416975208;18,5654640693373;"Human";2014-04-10;2014
"180";"Moose_sick";66,0086973903511;16,9954401918082;"Human";2014-04-10;2014
"181";"Moose_sick";58,9201581762175;16,2430453822264;"Human";2014-04-10;2014
"182";"Moose_sick";68,2832793263867;19,6840878554312;"Human";2014-04-10;2014
"183";"Moose_sick";61,569270405971;13,1802387166913;"Human";2014-04-10;2014
"184";"Moose_sick";60,3811194639824;13,3569805593407;"Human";2014-05-10;2014
"185";"Moose_sick";68,2514146830658;21,8061010180708;"Human";2014-05-10;2014
"186";"Moose_sick";65,4533517179331;17,723176911453;"Human";2014-05-10;2014
"187";"Moose_sick";59,2197144388874;13,9395802855232;"Human";2014-11-10;2014
"188";"Moose_sick";58,3928079407974;12,2392548259123;"Human";2014-11-10;2014
"189";"Moose_sick";58,8215175501105;13,7646052319461;"Moose";2014-02-11;2014
"190";"Moose_sick";67,8090884335557;21,6873728309911;"Human";2014-03-11;2014
"191";"Moose_sick";65,0236950612968;15,4039589127697;"Human";2014-04-11;2014
"192";"Moose_sick";57,2889629630448;15,0721967561132;"Human";2014-05-11;2014
"193";"Moose_sick";64,0366205028665;18,5122743977339;"Human";2014-05-11;2014
"194";"Moose_sick";60,4164141745796;14,6920262120218;"Human";2014-05-11;2014
"195";"Moose_sick";63,9959849857939;13,3382621460742;"Human";2014-05-11;2014
"196";"Moose_sick";59,6137218649093;12,5132015055421;"Human";2014-05-11;2014
"197";"Moose_sick";67,5299118603486;17,1572784149121;"Human";2014-05-11;2014
"198";"Moose_sick";58,2680273006521;12,2418417112706;"Human";2014-05-11;2014
"199";"Moose_sick";56,3295500682451;13,9689425672439;"Human";2014-05-11;2014
"200";"Moose_sick";56,8191340927766;13,8954539659667;"Human";2014-05-11;2014
"201";"Moose_sick";60,953136785062;13,1477916158902;"Human";2014-05-11;2014
"202";"Moose_sick";57,9054105026324;11,8406747564175;"Human";2014-05-11;2014
"203";"Moose_sick";64,1922534358203;17,9912904852423;"Human";2014-06-11;2014
"204";"Moose_sick";60,9419447641029;13,1819310427101;"Human";2014-02-12;2014
"205";"Moose_sick";67,1644267135676;18,0753015789757;"Human";2014-04-12;2014
"206";"Moose_sick";67,9400396828397;21,2544019260269;"Human";2014-04-12;2014
"207";"Moose_sick";67,9036344669804;21,3908980740125;"Human";2014-04-12;2014
"208";"Moose_sick";65,576186607264;16,8653596664204;"Human";2014-04-12;2014
"209";"Moose_sick";63,1964849279715;15,0816146164707;"Human";2014-05-12;2014
"210";"Moose_sick";58,9926201061088;13,4344809340038;"Human";2014-12-12;2014
"211";"Moose_sick";67,4552403186544;20,3911342516478;"Human";2014-02-13;2014
"212";"Moose_sick";58,2517423071482;11,5382543925008;"Human";2014-04-13;2014
"213";"Moose_sick";60,793886898194;13,1929074115262;"Human";2014-04-13;2014
"214";"Moose_sick";65,2949007903135;16,712623141354;"Human";2014-04-13;2014
"215";"Moose_sick";68,0176548945203;19,7898188776941;"Human";2014-04-13;2014
"216";"Moose_sick";64,2320072020706;14,2459772466227;"Human";2014-04-13;2014
"217";"Moose_sick";58,8142482033894;15,8460864563484;"Human";2014-04-13;2014
"218";"Moose_sick";64,6422916769277;17,0209343277376;"Human";2014-04-13;2014
"219";"Moose_sick";56,2144347823106;14,2672834997433;"Human";2014-04-13;2014
"220";"Moose_sick";64,1024682768784;15,0412358579924;"Human";2014-05-13;2014
"221";"Moose_sick";56,5430131255571;15,6879282181293;"Human";2014-05-13;2014
"222";"Moose_sick";59,4722820085137;16,110939613253;"Human";2014-05-13;2014
"223";"Moose_sick";60,1217911150125;16,262068080686;"Human";2014-06-13;2014
"224";"Moose_sick";68,3303308160094;22,5515291268428;"Human";2014-06-13;2014
"225";"Moose_sick";56,7393001344574;15,8840553900039;"Human";2014-06-13;2014
"226";"Moose_sick";66,6564884772339;19,4018477268792;"Human";2014-10-13;2014
"227";"Moose_sick";66,1258817081971;20,3569728905393;"Human";2014-03-14;2014
"228";"Moose_sick";58,4296294389118;12,101432506458;"Human";2014-04-14;2014
"229";"Moose_sick";60,2345672856097;12,6357791837462;"Human";2014-04-14;2014
"230";"Moose_sick";68,4488055597411;22,1967735934455;"Human";2014-04-14;2014
"231";"Moose_sick";56,9860138456461;13,4980963530364;"Human";2014-05-14;2014
"232";"Moose_sick";56,4982801640765;13,2662366379474;"Human";2014-05-14;2014
"233";"Moose_sick";66,0407765805409;19,0691464950844;"Human";2014-10-14;2014
"234";"Moose_sick";64,9152484110124;15,8980663626806;"Human";2014-10-14;2014
"235";"Moose_sick";67,741140598674;21,1200090212705;"Human";2014-11-14;2014
"236";"Moose_sick";64,1848607654825;17,0499832482782;"Human";2014-02-15;2014
"237";"Moose_sick";65,3990956105685;16,6792559175615;"Human";2014-04-15;2014
"238";"Moose_sick";58,7830038273795;12,5498609884673;"Human";2014-04-15;2014
"239";"Moose_sick";65,8822585803608;16,4011496517436;"Human";2014-04-15;2014
"240";"Moose_sick";60,4166888219697;14,5870497507521;"Human";2014-04-15;2014
"241";"Moose_sick";64,2781437292104;17,827506514072;"Human";2014-05-15;2014
"242";"Moose_sick";66,692255931314;19,148866388515;"Human";2014-06-15;2014
"243";"Moose_sick";62,7333643948318;13,0911455932325;"Human";2014-06-15;2014
"244";"Moose_sick";68,1564134278231;21,9502289177555;"Human";2014-11-15;2014
"245";"Moose_sick";64,7640225549004;20,240708023822;"Human";2014-11-15;2014
"246";"Moose_sick";62,649728639766;13,0071148917284;"Human";2014-03-16;2014
"247";"Moose_sick";68,2824181940829;20,9080873017605;"Human";2014-03-16;2014
"248";"Moose_sick";64,0513457508574;14,449752645723;"Human";2014-04-16;2014
"249";"Moose_sick";61,348183529838;13,0676916627887;"Human";2014-04-16;2014
"250";"Moose_sick";58,7727448595189;13,0213006247892;"Human";2014-04-16;2014
"251";"Moose_sick";56,2235449734819;14,6524282145895;"Human";2014-05-16;2014
"252";"Moose_sick";60,7778810226175;13,8170767607677;"Human";2014-05-16;2014
"253";"Moose_sick";58,2198508427805;11,721033200682;"Human";2014-05-16;2014
"254";"Moose_sick";57,1750998957694;14,710587402603;"Human";2014-06-16;2014
"255";"Moose_sick";66,5796381529685;20,3888529695962;"Human";2014-06-16;2014
"256";"Moose_sick";61,2674997832772;13,4437632268931;"Human";2014-02-17;2014
"257";"Moose_sick";59,5857160120867;15,2779429768143;"Human";2014-03-17;2014
"258";"Moose_sick";56,8219329855235;14,0050175538903;"Human";2014-04-17;2014
"259";"Moose_sick";66,6973480249102;18,0875456401832;"Human";2014-05-17;2014
"260";"Moose_sick";67,9392202620522;20,8709622805619;"Human";2014-06-17;2014
"261";"Moose_sick";59,6439328425509;15,5521006307372;"Human";2014-09-17;2014
"262";"Moose_sick";64,7033206977102;15,8278507844953;"Human";2014-11-17;2014
"263";"Moose_sick";58,7292379371575;12,9450239970213;"Human";2014-03-18;2014
"264";"Moose_sick";65,474550670943;17,4765888791311;"Human";2014-04-18;2014
"265";"Moose_sick";56,6147050274174;16,4970942144918;"Human";2014-04-18;2014
"266";"Moose_sick";64,2349565084665;17,2647301258727;"Human";2014-04-18;2014
"267";"Moose_sick";56,681929743746;15,452296649934;"Human";2014-04-18;2014
"268";"Moose_sick";56,2646151818852;13,3803077111401;"Human";2014-04-18;2014
"269";"Moose_sick";59,2852951755998;16,0450588205246;"Human";2014-04-18;2014
"270";"Moose_sick";68,7609942023713;20,7130226446256;"Human";2014-04-18;2014
"271";"Moose_sick";63,9922673878829;17,4124514159669;"Moose";2014-05-18;2014
"272";"Moose_sick";67,0001126762088;23,1964888924069;"Human";2014-05-18;2014
"273";"Moose_sick";68,215625466134;22,4707150542051;"Human";2014-05-18;2014
"274";"Moose_sick";64,226471737232;17,2841376402711;"Human";2014-05-18;2014
"275";"Moose_sick";65,4382722288487;18,0508709735505;"Human";2014-05-18;2014
"276";"Moose_sick";60,8600999857085;13,7253231759484;"Moose";2014-10-18;2014
"277";"Moose_sick";61,998946690837;12,3574669566608;"Human";2014-10-18;2014
"278";"Moose_sick";68,7631610440147;20,9985492448232;"Human";2014-10-18;2014
"279";"Moose_sick";57,3512303397151;18,2594518007058;"Human";2014-11-18;2014
"280";"Moose_sick";56,94012375599;12,4796066342545;"Human";2014-11-18;2014
"281";"Moose_sick";59,287717760431;13,4102676578365;"Human";2014-01-19;2014
"282";"Moose_sick";57,2135173980282;13,4338059949575;"Human";2014-04-19;2014
"283";"Moose_sick";58,4841591550279;13,0056355882189;"Human";2014-04-19;2014
"284";"Moose_sick";64,3638763522903;19,158326373082;"Human";2014-04-19;2014
"285";"Moose_sick";61,7291103596307;14,3466087998876;"Human";2014-04-19;2014
"286";"Moose_sick";61,7415542589752;13,4232921020856;"Human";2014-04-19;2014
"287";"Moose_sick";57,4167963206449;18,6755295967028;"Human";2014-04-19;2014
"288";"Moose_sick";66,8467891182596;17,6689936130143;"Human";2014-04-19;2014
"289";"Moose_sick";68,1669305031754;20,6594418728971;"Human";2014-04-19;2014
"290";"Moose_sick";65,6108919468938;15,9232249005534;"Human";2014-04-19;2014
"291";"Moose_sick";59,8206677515571;15,7952920618627;"Human";2014-04-19;2014
"292";"Moose_sick";68,4633083049934;20,6245327669241;"Human";2014-01-20;2014
"293";"Moose_sick";68,0830760650167;20,0634733993637;"Human";2014-04-20;2014
"294";"Moose_sick";60,9788935681235;12,9169452903199;"Human";2014-04-20;2014
"295";"Moose_sick";65,7383668049991;18,8494202243189;"Human";2014-04-20;2014
"296";"Moose_sick";63,3729914838082;12,4996310394484;"Human";2014-04-20;2014
"297";"Moose_sick";57,9056847948649;11,8726071572065;"Human";2014-04-20;2014
"298";"Moose_sick";57,9451771137297;12,3317095769593;"Human";2014-04-20;2014
"299";"Moose_sick";65,7078955033141;16,1811356388484;"Human";2014-04-20;2014
"300";"Moose_sick";68,2432729850688;21,693743655602;"Human";2014-04-20;2014
"301";"Moose_sick";67,8486183644842;22,9754508569957;"Human";2014-04-20;2014
"302";"Moose_sick";68,2256927227154;22,0515672913164;"Human";2014-05-20;2014
"303";"Moose_sick";67,8860747154419;18,7450765859243;"Human";2014-05-20;2014
"304";"Moose_sick";61,0441020409467;12,8036378826571;"Human";2014-05-20;2014
"305";"Moose_sick";58,371356543956;13,0426201392838;"Human";2014-05-20;2014
"306";"Moose_sick";64,980501364937;16,5622522253685;"Human";2014-11-20;2014
"307";"Moose_sick";65,2514122133009;16,5059538393492;"Human";2014-12-20;2014
"308";"Moose_sick";59,3663351713589;17,164946727403;"Human";2014-12-20;2014
"309";"Moose_sick";56,383009872264;14,648740959743;"Human";2014-03-21;2014
"310";"Moose_sick";63,5152342862005;19,6248039840437;"Human";2014-04-21;2014
"311";"Moose_sick";60,9421408276068;12,8469860984841;"Human";2014-04-21;2014
"312";"Moose_sick";59,1451643841908;13,459307520512;"Human";2014-04-21;2014
"313";"Moose_sick";60,1753913101213;14,717855868255;"Human";2014-04-21;2014
"314";"Moose_sick";64,2812901098816;18,8184019514776;"Human";2014-04-21;2014
"315";"Moose_sick";68,0561900814843;22,417315981763;"Human";2014-04-21;2014
"316";"Moose_sick";56,6479139236811;15,3866659104771;"Human";2014-04-21;2014
"317";"Moose_sick";58,1639523356154;12,2646654404905;"Human";2014-04-21;2014
"318";"Moose_sick";62,916013883877;15,6557550537371;"Human";2014-04-21;2014
"319";"Moose_sick";56,1164628713941;14,3881066637364;"Human";2014-04-21;2014
"320";"Moose_sick";58,5433999479315;12,2288333998846;"Human";2014-04-21;2014
"321";"Moose_sick";59,5302263315393;15,612381071242;"Human";2014-04-21;2014
"322";"Moose_sick";64,909111083395;15,7114680808904;"Human";2014-04-21;2014
"323";"Moose_sick";59,6995960037303;14,0852241585427;"Human";2014-04-21;2014
"324";"Moose_sick";57,3037511834094;13,1578895597556;"Human";2014-04-21;2014
"325";"Moose_sick";57,1368869778127;13,3868784984214;"Human";2014-05-21;2014
"326";"Moose_sick";59,0706803635617;16,8879015411334;"Human";2014-05-21;2014
"327";"Moose_sick";56,2965513707602;14,0850784469402;"Human";2014-05-21;2014
"328";"Moose_sick";65,5817807139874;19,5820962930009;"Human";2014-06-21;2014
"329";"Moose_sick";67,5772976508452;19,0090553198424;"Human";2014-03-22;2014
"330";"Moose_sick";65,3475179235073;15,9214731731334;"Human";2014-03-22;2014
"331";"Moose_sick";59,7606589356888;12,7578350177981;"Human";2014-04-22;2014
"332";"Moose_sick";55,9642839377775;14,1875094043332;"Human";2014-04-22;2014
"333";"Moose_sick";67,4069928770278;19,7097469638298;"Human";2014-04-22;2014
"334";"Moose_sick";67,6049639311068;18,6027435022311;"Human";2014-04-22;2014
"335";"Moose_sick";57,3806997649325;12,4615759766888;"Human";2014-04-22;2014
"336";"Moose_sick";65,5936026306163;16,9977435181738;"Human";2014-04-22;2014
"337";"Moose_sick";59,2592175852276;15,8865513096325;"Human";2014-04-22;2014
"338";"Moose_sick";56,3836866253717;15,9183564151596;"Human";2014-04-22;2014
"339";"Moose_sick";63,1002952985372;16,0674360276654;"Human";2014-04-22;2014
"340";"Moose_sick";66,1639251699243;19,5108393096506;"Human";2014-04-22;2014
"341";"Moose_sick";60,329943267611;13,7830870055264;"Human";2014-04-22;2014
"342";"Moose_sick";65,5825406315463;17,7881139691826;"Human";2014-04-22;2014
"343";"Moose_sick";62,9741101055668;16,7378753151598;"Human";2014-05-22;2014
"344";"Moose_sick";58,3209585203778;13,0399961738754;"Human";2014-09-22;2014
"345";"Moose_sick";59,9026639509845;13,8006736949634;"Human";2014-11-22;2014
"346";"Moose_sick";61,2196791832013;13,4967682784992;"Human";2014-01-23;2014
"347";"Moose_sick";60,8797681239232;13,873271987766;"Human";2014-02-23;2014
"348";"Moose_sick";65,9801905422936;20,2172398405962;"Human";2014-03-23;2014
"349";"Moose_sick";67,9292025068368;20,823418796394;"Human";2014-04-23;2014
"350";"Moose_sick";65,4679121719267;20,0976686058095;"Human";2014-04-23;2014
"351";"Moose_sick";59,9270003865191;16,830731623079;"Human";2014-04-23;2014
"352";"Moose_sick";59,26566314678;16,5588954914136;"Human";2014-04-23;2014
"353";"Moose_sick";58,0577442748473;13,4745712473108;"Human";2014-04-23;2014
"354";"Moose_sick";59,2033838231278;15,6736275553857;"Human";2014-04-23;2014
"355";"Moose_sick";59,1327410676849;16,0588399052015;"Human";2014-04-23;2014
"356";"Moose_sick";58,9146010097444;16,079673931208;"Human";2014-04-23;2014
"357";"Moose_sick";58,1381585228027;12,5945358125048;"Human";2014-04-23;2014
"358";"Moose_sick";57,3579908152413;18,6350837042791;"Human";2014-04-23;2014
"359";"Moose_sick";67,8472261962249;21,0502202476405;"Human";2014-04-23;2014
"360";"Moose_sick";56,2264061312152;13,5722104545796;"Human";2014-04-23;2014
"361";"Moose_sick";58,710854138193;12,9255407032575;"Human";2014-05-23;2014
"362";"Moose_sick";67,9782945329324;20,8501181568893;"Human";2014-05-23;2014
"363";"Moose_sick";56,9464022954536;15,7578042290892;"Human";2014-05-23;2014
"364";"Moose_sick";65,3005040832848;17,0390782376441;"Human";2014-05-23;2014
"365";"Moose_sick";65,162579373995;19,7495878128491;"Human";2014-06-23;2014
"366";"Moose_sick";67,6180170297476;18,0415089490685;"Human";2014-12-23;2014
"367";"Moose_sick";56,1067864551871;13,1988007997949;"Human";2014-02-24;2014
"368";"Moose_sick";67,0948972758028;18,9137950661205;"Human";2014-02-24;2014
"369";"Moose_sick";60,117952531125;13,889270940402;"Human";2014-03-24;2014
"370";"Moose_sick";65,3316980407644;16,0086579093833;"Human";2014-04-24;2014
"371";"Moose_sick";66,9492055603839;17,4592387578045;"Human";2014-04-24;2014
"372";"Moose_sick";60,6250938592599;12,5312539455354;"Human";2014-04-24;2014
"373";"Moose_sick";65,3930861025939;16,2336673567651;"Human";2014-04-24;2014
"374";"Moose_sick";60,9862023359582;14,0024395488165;"Human";2014-04-24;2014
"375";"Moose_sick";57,0970101578317;13,2223151740821;"Human";2014-04-24;2014
"376";"Moose_sick";67,8962217950175;21,4748528490066;"Human";2014-04-24;2014
"377";"Moose_sick";57,2802394676086;14,5765903581915;"Human";2014-04-24;2014
"378";"Moose_sick";58,3689004513593;13,1613581385352;"Human";2014-04-24;2014
"379";"Moose_sick";67,4295558367209;18,1967466745007;"Human";2014-04-24;2014
"380";"Moose_sick";65,2267902179688;16,4747768732754;"Human";2014-04-24;2014
"381";"Moose_sick";59,9589007583832;13,3714208061787;"Human";2014-05-24;2014
"382";"Moose_sick";59,3961184199185;16,1425261497541;"Human";2014-06-24;2014
"383";"Moose_sick";63,9588723532997;13,8429918876139;"Human";2014-09-24;2014
"384";"Moose_sick";57,1621772085407;13,0663457868462;"Human";2014-09-24;2014
"385";"Moose_sick";68,0346105067015;21,1050921280711;"Human";2014-11-24;2014
"386";"Moose_sick";59,7243617799299;15,7730319370618;"Human";2014-03-25;2014
"387";"Moose_sick";56,9005209004387;15,0119510598947;"Human";2014-03-25;2014
"388";"Moose_sick";58,0007381735361;12,3669339622407;"Human";2014-03-25;2014
"389";"Moose_sick";58,1680648664467;12,6780500785565;"Human";2014-04-25;2014
"390";"Moose_sick";67,8506803686685;22,3043085848363;"Human";2014-04-25;2014
"391";"Moose_sick";66,7190331528146;19,3725625270494;"Human";2014-04-25;2014
"392";"Moose_sick";64,3217149844324;19,0366032255097;"Human";2014-04-25;2014
"393";"Moose_sick";57,438836410397;18,5975660633065;"Human";2014-04-25;2014
"394";"Moose_sick";58,2725171674217;13,1583229204514;"Human";2014-04-25;2014
"395";"Moose_sick";63,5393412051247;15,6782478262119;"Human";2014-04-25;2014
"396";"Moose_sick";58,0543120912559;12,4759977842556;"Human";2014-04-25;2014
"397";"Moose_sick";67,4687963891717;16,5462858640466;"Human";2014-04-25;2014
"398";"Moose_sick";58,7876379307899;12,1987216684579;"Human";2014-06-25;2014
"399";"Moose_sick";68,3510289442984;21,787470679177;"Human";2014-06-25;2014
"400";"Moose_sick";56,3697440993615;14,5440007581929;"Human";2014-09-25;2014
"401";"Moose_sick";56,6144183678952;16,5123678851718;"Human";2014-04-26;2014
"402";"Moose_sick";59,0395135822918;15,8505468477189;"Human";2014-04-26;2014
"403";"Moose_sick";66,6186564634992;18,8322839465803;"Human";2014-04-26;2014
"404";"Moose_sick";60,9675153084186;13,9686635753613;"Human";2014-04-26;2014
"405";"Moose_sick";60,5142770247502;13,5633639817909;"Human";2014-04-26;2014
"406";"Moose_sick";57,5961167055442;12,2770766440627;"Human";2014-04-26;2014
"407";"Moose_sick";59,7113231233878;12,7181201753796;"Human";2014-04-26;2014
"408";"Moose_sick";56,938882639005;12,7752130770298;"Human";2014-04-26;2014
"409";"Moose_sick";60,9702391531585;13,1249633012773;"Human";2014-04-26;2014
"410";"Moose_sick";58,0967481674763;11,5497847595822;"Human";2014-04-26;2014
"411";"Moose_sick";59,0664572968299;15,6802411351533;"Human";2014-04-26;2014
"412";"Moose_sick";64,6838378130703;16,3836439951308;"Human";2014-05-26;2014
"413";"Moose_sick";56,9043806135932;12,9271646060847;"Human";2014-05-26;2014
"414";"Moose_sick";59,1611476880368;16,0199288392729;"Human";2014-05-26;2014
"415";"Moose_sick";65,4941075845988;17,3012939687502;"Human";2014-06-26;2014
"416";"Moose_sick";61,1535281163704;12,7630377670477;"Human";2014-11-26;2014
"417";"Moose_sick";57,9070424628168;13,0346973434795;"Human";2014-11-26;2014
"418";"Moose_sick";64,2100022109176;19,0294017488046;"Human";2014-12-26;2014
"419";"Moose_sick";68,4129351065461;22,5400898581063;"Human";2014-12-26;2014
"420";"Moose_sick";64,9144600218074;16,419014111982;"Human";2014-12-26;2014
"421";"Moose_sick";60,2521329642407;12,7596132881502;"Human";2014-02-27;2014
"422";"Moose_sick";68,547421184999;21,9262933844187;"Human";2014-03-27;2014
"423";"Moose_sick";65,6737776403525;17,9758591748313;"Human";2014-03-27;2014
"424";"Moose_sick";67,5739465427379;16,5844749924638;"Human";2014-04-27;2014
"425";"Moose_sick";64,7600438503426;20,1511275848842;"Human";2014-04-27;2014
"426";"Moose_sick";56,529989106077;15,3377556335887;"Human";2014-04-27;2014
"427";"Moose_sick";60,8170519495229;12,4876281561274;"Human";2014-04-27;2014
"428";"Moose_sick";66,761513210874;18,8096491413624;"Human";2014-04-27;2014
"429";"Moose_sick";59,6681769162627;15,6519848809449;"Human";2014-05-27;2014
"430";"Moose_sick";64,2108247263265;18,2104939511184;"Human";2014-11-27;2014
"431";"Moose_sick";68,3653107356775;21,916200538661;"Human";2014-11-27;2014
"432";"Moose_sick";65,0635145287445;14,661394603911;"Human";2014-12-27;2014
"433";"Moose_sick";68,9179509798558;20,5886771862743;"Human";2014-02-28;2014
"434";"Moose_sick";60,6807168365202;12,8144613407473;"Human";2014-03-28;2014
"435";"Moose_sick";64,3935819473405;15,6925671543394;"Human";2014-03-28;2014
"436";"Moose_sick";63,0645471362635;15,8411486541592;"Human";2014-03-28;2014
"437";"Moose_sick";57,4479211466799;11,9480617457661;"Human";2014-04-28;2014
"438";"Moose_sick";59,403609924697;16,8685220160309;"Human";2014-04-28;2014
"439";"Moose_sick";60,2542028047792;13,3209630124818;"Human";2014-04-28;2014
"440";"Moose_sick";60,1693291884102;14,6097816949241;"Human";2014-04-28;2014
"441";"Moose_sick";65,9269385005877;19,0573336593404;"Human";2014-04-28;2014
"442";"Moose_sick";59,3417681814692;15,5989562928624;"Human";2014-05-28;2014
"443";"Moose_sick";67,9492967203497;21,7453038563556;"Human";2014-06-28;2014
"444";"Moose_sick";57,0502186799504;15,5472966792009;"Human";2014-06-28;2014
"445";"Moose_sick";64,5880501064619;13,9735373923344;"Moose";2014-10-28;2014
"446";"Moose_sick";55,9778527521615;13,398424636321;"Moose";2014-10-28;2014
"447";"Moose_sick";61,877830015839;13,5055336473759;"Human";2014-10-28;2014
"448";"Moose_sick";57,2488938368015;14,6822598786348;"Human";2014-10-28;2014
"449";"Moose_sick";57,3492721019608;18,6979958021821;"Human";2014-10-28;2014
"450";"Moose_sick";63,7571518567515;13,1694700902451;"Human";2014-12-28;2014
"451";"Moose_sick";64,2118565481761;17,7972054496406;"Human";2014-03-29;2014
"452";"Moose_sick";63,3672145688631;15,0529819810618;"Human";2014-04-29;2014
"453";"Moose_sick";58,8118379343308;13,512421163669;"Human";2014-04-29;2014
"454";"Moose_sick";56,63361441115;14,4460526913008;"Human";2014-04-29;2014
"455";"Moose_sick";60,9014056002437;13,5201224647004;"Human";2014-04-29;2014
"456";"Moose_sick";68,4535359002648;21,7516699872067;"Human";2014-04-29;2014
"457";"Moose_sick";58,7318273448794;14,3980592361693;"Human";2014-04-29;2014
"458";"Moose_sick";58,9807665232361;15,2266856500651;"Human";2014-04-29;2014
"459";"Moose_sick";55,7121612912018;14,0922731454406;"Human";2014-04-29;2014
"460";"Moose_sick";67,3652700841155;18,3584129753242;"Human";2014-04-29;2014
"461";"Moose_sick";59,3925603849082;16,3303024938963;"Human";2014-04-29;2014
"462";"Moose_sick";59,0791116240049;15,1956465498137;"Human";2014-04-29;2014
"463";"Moose_sick";65,2402255737623;19,3362930881413;"Human";2014-10-29;2014
"464";"Moose_sick";60,9027019507241;12,8629032686262;"Human";2014-12-29;2014
"465";"Moose_sick";57,1482342214978;12,9626252001314;"Human";2014-03-30;2014
"466";"Moose_sick";59,3098012274451;16,891536738078;"Human";2014-03-30;2014
"467";"Moose_sick";55,6124375227336;14,0915384050718;"Human";2014-04-30;2014
"468";"Moose_sick";59,9756164538476;14,6976391479849;"Human";2014-04-30;2014
"469";"Moose_sick";62,8708392556268;15,4895730349898;"Human";2014-04-30;2014
"470";"Moose_sick";64,5693218573374;14,1689354250629;"Human";2014-04-30;2014
"471";"Moose_sick";59,8589047885427;13,2449120280284;"Human";2014-04-30;2014
"472";"Moose_sick";56,8161100200968;13,3657657354282;"Human";2014-04-30;2014
"473";"Moose_sick";57,1805506595076;13,8543721149181;"Human";2014-04-30;2014
"474";"Moose_sick";67,9554938923441;19,480525506715;"Human";2014-04-30;2014
"475";"Moose_sick";58,9824510572483;12,9635710146519;"Human";2014-09-30;2014
"476";"Moose_sick";62,632657260959;12,24294649454;"Human";2014-10-30;2014
"477";"Moose_sick";59,608634198126;12,4647344962252;"Human";2014-10-30;2014
"478";"Moose_sick";67,4994937829874;16,1789158151293;"Human";2014-10-31;2014
"479";"Moose_sick";64,8028947743495;14,9005076624508;"Human";2014-12-31;2014
"480";"Moose_sick";60,7564344568783;13,2269586655183;"Moose";2014-06-10;2014
"481";"Moose_sick";58,8062670823618;13,7962153873831;"Human";2015-02-01;2015
"482";"Moose_sick";62,3512389471015;16,9700466471236;"Human";2015-02-01;2015
"483";"Moose_sick";60,6619666671875;15,7967760152054;"Human";2015-02-01;2015
"484";"Moose_sick";60,4083579008912;16,0267251526344;"Human";2015-02-01;2015
"485";"Moose_sick";68,111552583352;21,4206796575643;"Human";2015-02-01;2015
"486";"Moose_sick";62,3352525518033;14,0309465351053;"Human";2015-02-01;2015
"487";"Moose_sick";59,1316682008728;14,0420777041331;"Human";2015-03-01;2015
"488";"Moose_sick";59,1576109307054;17,6019355613861;"Human";2015-05-01;2015
"489";"Moose_sick";62,0717353149557;13,4773708149653;"Human";2015-05-01;2015
"490";"Moose_sick";58,8690865934671;16,7101954689448;"Human";2015-06-01;2015
"491";"Moose_sick";59,0752236875674;12,6404870148426;"Human";2015-06-01;2015
"492";"Moose_sick";60,6986850448944;15,6604451072599;"Human";2015-06-01;2015
"493";"Moose_sick";60,4740165397522;17,9309810715446;"Human";2015-06-01;2015
"494";"Moose_sick";62,6545263786817;15,455340235852;"Human";2015-06-01;2015
"495";"Moose_sick";62,5115506624124;13,0685365696997;"Human";2015-06-01;2015
"496";"Moose_sick";59,8506477254137;18,4638023948554;"Human";2015-06-01;2015
"497";"Moose_sick";67,68226237838;21,8748452714626;"Human";2015-06-01;2015
"498";"Moose_sick";56,8974027312238;15,2287748384172;"Human";2015-06-01;2015
"499";"Moose_sick";62,8310818622304;12,6271214658032;"Human";2015-06-01;2015
"500";"Moose_sick";59,5152798997484;12,400729123939;"Human";2015-06-01;2015
"501";"Moose_sick";56,6864262194258;16,6218758143669;"Human";2015-06-01;2015
"502";"Moose_sick";61,0456717291947;15,1784440444843;"Human";2015-06-01;2015
"503";"Moose_sick";60,3446302716399;15,3016720385813;"Human";2015-06-01;2015
"504";"Moose_sick";59,9025396367718;18,7766670815932;"Human";2015-06-01;2015
"505";"Moose_sick";63,8420544653168;13,1936948447127;"Human";2015-06-01;2015
"506";"Moose_sick";67,9592230180457;17,0880850285141;"Human";2015-06-01;2015
"507";"Moose_sick";59,145074358656;16,0166120746602;"Human";2015-06-01;2015
"508";"Moose_sick";57,9023644885638;14,5293406007939;"Human";2015-06-01;2015
"509";"Moose_sick";65,354556563379;18,6820672377669;"Human";2015-06-01;2015
"510";"Moose_sick";59,0102464703434;15,4528031906044;"Human";2015-06-01;2015
"511";"Moose_sick";59,4224657423742;17,418442972785;"Human";2015-06-01;2015
"512";"Moose_sick";56,8154473945002;13,7610663476362;"Human";2015-08-01;2015
"513";"Moose_sick";63,5692774593613;16,0510628735173;"Human";2015-08-01;2015
"514";"Moose_sick";57,8579036943225;14,4386086067679;"Human";2015-09-01;2015
"515";"Moose_sick";62,884258133513;17,2183237268028;"Human";2015-09-01;2015
"516";"Moose_sick";65,8341662991424;23,2019769631985;"Human";2015-09-01;2015
"517";"Moose_sick";66,633351663852;18,4900321833916;"Human";2015-09-01;2015
"518";"Moose_sick";65,361677820358;21,5714877698528;"Human";2015-09-01;2015
"519";"Moose_sick";56,7768817719398;13,0509340843083;"Human";2015-10-01;2015
"520";"Moose_sick";65,341527134257;16,225565528778;"Human";2015-10-01;2015
"521";"Moose_sick";57,8669323246311;12,9493259592754;"Human";2015-01-02;2015
"522";"Moose_sick";68,8827746844896;20,7534327106137;"Human";2015-02-02;2015
"523";"Moose_sick";66,001028381031;18,1204260520306;"Human";2015-02-02;2015
"524";"Moose_sick";63,5313062092313;13,5122737432282;"Human";2015-02-02;2015
"525";"Moose_sick";57,3079216028487;12,2751244994303;"Human";2015-03-02;2015
"526";"Moose_sick";62,1700956402352;16,0621600046938;"Human";2015-03-02;2015
"527";"Moose_sick";60,985702854858;15,134487166763;"Human";2015-03-02;2015
"528";"Moose_sick";62,6030126881321;13,4460854997086;"Human";2015-06-02;2015
"529";"Moose_sick";68,3886324119228;20,8295680176895;"Human";2015-06-02;2015
"530";"Moose_sick";59,7354005016931;13,0516918650433;"Human";2015-06-02;2015
"531";"Moose_sick";62,6129675631845;15,602888080025;"Human";2015-06-02;2015
"532";"Moose_sick";62,0430269116182;16,9409384113957;"Human";2015-06-02;2015
"533";"Moose_sick";65,2921213299419;15,3253408100291;"Human";2015-06-02;2015
"534";"Moose_sick";68,6463356608219;21,5250771617855;"Human";2015-06-02;2015
"535";"Moose_sick";60,5476832810308;13,5347450746662;"Human";2015-06-02;2015
"536";"Moose_sick";58,4648676983412;14,9920404614914;"Human";2015-06-02;2015
"537";"Moose_sick";63,9312879423022;12,6274272537846;"Human";2015-06-02;2015
"538";"Moose_sick";65,4013116109603;15,5602752968289;"Human";2015-06-02;2015
"539";"Moose_sick";64,7097921814987;16,9481293819936;"Human";2015-06-02;2015
"540";"Moose_sick";59,2996332218792;12,6092710506346;"Human";2015-06-02;2015
"541";"Moose_sick";57,170456070446;13,751991901728;"Human";2015-06-02;2015
"542";"Moose_sick";65,3805062280139;21,130876442614;"Human";2015-06-02;2015
"543";"Moose_sick";60,1678448672524;17,4527447367314;"Human";2015-07-02;2015
"544";"Moose_sick";68,2831646917236;18,7529898025559;"Human";2015-08-02;2015
"545";"Moose_sick";61,9734641362164;12,3333870477585;"Human";2015-09-02;2015
"546";"Moose_sick";58,486716901388;11,826471858306;"Human";2015-09-02;2015
"547";"Moose_sick";63,9373298217296;13,5487473068749;"Human";2015-09-02;2015
"548";"Moose_sick";60,2613358551784;16,3512917540733;"Human";2015-09-02;2015
"549";"Moose_sick";65,3774672395559;15,495984311701;"Human";2015-03-03;2015
"550";"Moose_sick";62,3880152154038;17,292502946292;"Human";2015-03-03;2015
"551";"Moose_sick";65,266499315705;16,0460969528893;"Human";2015-03-03;2015
"552";"Moose_sick";65,6788940670727;17,3435147595922;"Human";2015-03-03;2015
"553";"Moose_sick";58,1477921181204;15,139864276541;"Human";2015-03-03;2015
"554";"Moose_sick";59,8346570217286;15,5534799974521;"Human";2015-04-03;2015
"555";"Moose_sick";67,8983648149804;16,9896472251459;"Human";2015-05-03;2015
"556";"Moose_sick";61,1529006922268;16,044184867005;"Human";2015-05-03;2015
"557";"Moose_sick";56,3824738470433;14,3344950474623;"Human";2015-06-03;2015
"558";"Moose_sick";58,5463645324418;11,7798661288327;"Human";2015-06-03;2015
"559";"Moose_sick";60,4430367434652;15,3552134048374;"Human";2015-06-03;2015
"560";"Moose_sick";68,3291233736115;22,067536133984;"Human";2015-06-03;2015
"561";"Moose_sick";62,2607935709319;12,388598235869;"Human";2015-06-03;2015
"562";"Moose_sick";60,5283631407497;13,7707310432679;"Human";2015-06-03;2015
"563";"Moose_sick";59,9234863526515;16,0530207874453;"Human";2015-06-03;2015
"564";"Moose_sick";59,9450432203411;12,781319685694;"Human";2015-06-03;2015
"565";"Moose_sick";61,102808904731;16,4947788888034;"Human";2015-06-03;2015
"566";"Moose_sick";63,1425902543748;12,8497524918234;"Human";2015-06-03;2015
"567";"Moose_sick";68,1472137725267;21,0300542715928;"Human";2015-06-03;2015
"568";"Moose_sick";61,7598379201585;13,3551086631551;"Human";2015-08-03;2015
"569";"Moose_sick";58,4763729539471;14,2992393723898;"Human";2015-09-03;2015
"570";"Moose_sick";60,1242402827308;17,2874759602601;"Human";2015-09-03;2015
"571";"Moose_sick";67,5168674772806;19,6499972145985;"Human";2015-09-03;2015
"572";"Moose_sick";58,0880404598367;16,5733174872112;"Human";2015-09-03;2015
"573";"Moose_sick";59,8153585651218;16,9340391087643;"Human";2015-10-03;2015
"574";"Moose_sick";63,857882612202;12,7156156994254;"Human";2015-01-04;2015
"575";"Moose_sick";63,3490744817928;12,9180017182297;"Human";2015-01-04;2015
"576";"Moose_sick";58,2057731216063;11,9362464270555;"Human";2015-01-04;2015
"577";"Moose_sick";68,4080117083317;19,0836468881572;"Human";2015-03-04;2015
"578";"Moose_sick";64,1237924986934;14,9217260815943;"Human";2015-03-04;2015
"579";"Moose_sick";58,5394971177727;12,9533886444738;"Human";2015-03-04;2015
"580";"Moose_sick";63,2865120532509;15,0527820599364;"Human";2015-05-04;2015
"581";"Moose_sick";57,2319470416298;13,4000549564598;"Human";2015-05-04;2015
"582";"Moose_sick";58,1394325808701;11,8739671440591;"Human";2015-05-04;2015
"583";"Moose_sick";65,9746411370979;18,6017513979451;"Human";2015-05-04;2015
"584";"Moose_sick";63,3135761669052;17,92974185319;"Human";2015-05-04;2015
"585";"Moose_sick";61,6541818367467;14,7579156546188;"Human";2015-06-04;2015
"586";"Moose_sick";60,9726318511638;13,3524948706367;"Human";2015-06-04;2015
"587";"Moose_sick";58,8126110036601;16,7668877477371;"Human";2015-06-04;2015
"588";"Moose_sick";59,3903314832905;12,7375651478515;"Human";2015-06-04;2015
"589";"Moose_sick";66,6309857759869;22,8243294889071;"Human";2015-06-04;2015
"590";"Moose_sick";59,6192482453418;15,3875133995316;"Human";2015-06-04;2015
"591";"Moose_sick";60,6672981871458;16,1279223415077;"Human";2015-06-04;2015
"592";"Moose_sick";56,9796145541874;12,6772953623257;"Human";2015-06-04;2015
"593";"Moose_sick";56,2396774207603;14,952164943095;"Human";2015-06-04;2015
"594";"Moose_sick";59,8831756498195;12,3952710409918;"Human";2015-06-04;2015
"595";"Moose_sick";59,7980911353192;15,3106427104996;"Human";2015-06-04;2015
"596";"Moose_sick";57,9735473261578;14,3807699721564;"Human";2015-06-04;2015
"597";"Moose_sick";62,5267800926419;16,9245446833796;"Human";2015-08-04;2015
"598";"Moose_sick";63,3198766937181;12,1670906544217;"Human";2015-08-04;2015
"599";"Moose_sick";56,6652060452515;14,8695910792168;"Human";2015-08-04;2015
"600";"Moose_sick";62,6419250300107;14,2254609814087;"Human";2015-09-04;2015
"601";"Moose_sick";65,9188032791827;16,5919572660066;"Human";2015-09-04;2015
"602";"Moose_sick";58,8795577048004;12,5319512617899;"Human";2015-09-04;2015
"603";"Moose_sick";59,9517244646597;18,0551181395969;"Human";2015-09-04;2015
"604";"Moose_sick";60,4028806832698;14,4421381625935;"Human";2015-09-04;2015
"605";"Moose_sick";62,820256433319;18,125007450498;"Human";2015-11-04;2015
"606";"Moose_sick";58,6109567997318;12,1808245706379;"Human";2015-01-05;2015
"607";"Moose_sick";59,2135417304648;14,6680950877479;"Human";2015-06-05;2015
"608";"Moose_sick";56,6338971467731;15,7971959774711;"Human";2015-06-05;2015
"609";"Moose_sick";61,9733834016404;15,7855609836648;"Human";2015-06-05;2015
"610";"Moose_sick";61,229680234067;13,9638307000559;"Human";2015-06-05;2015
"611";"Moose_sick";65,6153315096409;19,5319220574993;"Human";2015-06-05;2015
"612";"Moose_sick";57,9917944087653;11,6130144153561;"Human";2015-06-05;2015
"613";"Moose_sick";66,9760679135124;17,9342096444367;"Human";2015-06-05;2015
"614";"Moose_sick";66,8433975794811;18,2772650190217;"Human";2015-06-05;2015
"615";"Moose_sick";68,8020315589548;21,2007500064614;"Human";2015-06-05;2015
"616";"Moose_sick";67,9313606089876;23,2128939318457;"Human";2015-06-05;2015
"617";"Moose_sick";58,5678153354891;16,1390534746084;"Human";2015-06-05;2015
"618";"Moose_sick";57,3518064554707;13,4429258838331;"Human";2015-06-05;2015
"619";"Moose_sick";61,8619478963879;16,5237012366119;"Human";2015-07-05;2015
"620";"Moose_sick";63,6829337118037;12,7568080713883;"Human";2015-08-05;2015
"621";"Moose_sick";57,5844353251492;13,7919822070726;"Human";2015-08-05;2015
"622";"Moose_sick";56,3596904560222;15,5394820893698;"Human";2015-08-05;2015
"623";"Moose_sick";62,5670660814425;13,7953299408197;"Human";2015-08-05;2015
"624";"Moose_sick";62,6405845553328;16,4452086059633;"Human";2015-08-05;2015
"625";"Moose_sick";62,8075224090801;13,6460697464476;"Human";2015-09-05;2015
"626";"Moose_sick";59,082414800551;12,3204812293351;"Human";2015-09-05;2015
"627";"Moose_sick";60,0104743245937;18,6280960459885;"Human";2015-09-05;2015
"628";"Moose_sick";66,3768871602086;17,3469462445903;"Human";2015-09-05;2015
"629";"Moose_sick";69,0024586666915;20,6411267333029;"Human";2015-02-06;2015
"630";"Moose_sick";61,4363553974182;14,5343045492716;"Human";2015-02-06;2015
"631";"Moose_sick";56,8257134925373;14,4427732173515;"Human";2015-03-06;2015
"632";"Moose_sick";59,6969584926497;12,0608982494922;"Human";2015-04-06;2015
"633";"Moose_sick";63,3428499309787;12,4699971051316;"Human";2015-06-06;2015
"634";"Moose_sick";65,8246804197196;16,5588181183656;"Human";2015-06-06;2015
"635";"Moose_sick";63,9388540470612;13,6253985546795;"Human";2015-06-06;2015
"636";"Moose_sick";62,5956112815222;16,8081806675284;"Human";2015-06-06;2015
"637";"Moose_sick";58,9752353938158;12,5794287984463;"Human";2015-06-06;2015
"638";"Moose_sick";65,5294739014019;19,7766551905263;"Human";2015-06-06;2015
"639";"Moose_sick";60,9262593269815;13,0251531275995;"Human";2015-06-06;2015
"640";"Moose_sick";60,636439057619;17,2891823905718;"Human";2015-06-06;2015
"641";"Moose_sick";58,8769581604472;16,3386069747898;"Human";2015-08-06;2015
"642";"Moose_sick";66,8035632620871;18,6410762687433;"Human";2015-08-06;2015
"643";"Moose_sick";61,2227877518667;15,9784363379025;"Human";2015-08-06;2015
"644";"Moose_sick";67,9385039420322;16,8293982637461;"Human";2015-08-06;2015
"645";"Moose_sick";58,7492464945564;14,9237560242645;"Human";2015-09-06;2015
"646";"Moose_sick";57,7336602195128;15,0444112428325;"Human";2015-02-07;2015
"647";"Moose_sick";56,4689366236869;14,3669124467384;"Human";2015-02-07;2015
"648";"Moose_sick";61,3456068727627;16,9407238001919;"Human";2015-02-07;2015
"649";"Moose_sick";66,3350638638057;18,1902661727656;"Human";2015-02-07;2015
"650";"Moose_sick";66,615021706907;22,995608659691;"Human";2015-02-07;2015
"651";"Moose_sick";59,4305908305474;15,1979313500283;"Human";2015-02-07;2015
"652";"Moose_sick";58,3692926424798;15,3668914286639;"Human";2015-02-07;2015
"653";"Moose_sick";56,7697627033169;14,6660528618541;"Human";2015-03-07;2015
"654";"Moose_sick";61,7354272340384;16,5234035447676;"Human";2015-03-07;2015
"655";"Moose_sick";63,0274704337365;16,6704241555494;"Human";2015-03-07;2015
"656";"Moose_sick";56,4284106464132;16,5316782738741;"Human";2015-03-07;2015
"657";"Moose_sick";66,2133830067992;18,4149969193448;"Human";2015-06-07;2015
"658";"Moose_sick";67,4318788763784;16,6299923853614;"Human";2015-06-07;2015
"659";"Moose_sick";58,2799000244294;15,7124747538803;"Human";2015-06-07;2015
"660";"Moose_sick";68,3034255632674;22,8675597378434;"Human";2015-06-07;2015
"661";"Moose_sick";65,3370617614736;18,1364376109736;"Human";2015-06-07;2015
"662";"Moose_sick";66,7872961499344;17,0224802721199;"Human";2015-08-07;2015
"663";"Moose_sick";61,5835228168605;16,7531070835046;"Human";2015-08-07;2015
"664";"Moose_sick";59,2865416338336;12,806466716175;"Human";2015-08-07;2015
"665";"Moose_sick";67,9439400260278;17,60462799891;"Human";2015-08-07;2015
"666";"Moose_sick";67,6846634660849;21,9953905786333;"Human";2015-10-07;2015
"667";"Moose_sick";62,8723584656709;16,1270408090485;"Human";2015-02-08;2015
"668";"Moose_sick";67,4464492186768;19,4361954799381;"Human";2015-02-08;2015
"669";"Moose_sick";61,6504411966626;14,0084360494228;"Human";2015-02-08;2015
"670";"Moose_sick";66,3794844347967;19,5647107040032;"Human";2015-02-08;2015
"671";"Moose_sick";56,6114011289441;13,6104716527128;"Human";2015-03-08;2015
"672";"Moose_sick";65,4963206265409;14,9765612585866;"Human";2015-06-08;2015
"673";"Moose_sick";56,7847012557544;14,7417914646825;"Human";2015-06-08;2015
"674";"Moose_sick";56,8029280322935;16,7563698213149;"Human";2015-06-08;2015
"675";"Moose_sick";62,7745932934501;12,4715110667956;"Human";2015-06-08;2015
"676";"Moose_sick";58,66663034076;14,2411723203745;"Human";2015-06-08;2015
"677";"Moose_sick";62,383660939029;16,8406113201465;"Human";2015-06-08;2015
"678";"Moose_sick";59,5905184829001;16,5270589859728;"Human";2015-08-08;2015
"679";"Moose_sick";66,2397008581065;17,7260981042791;"Human";2015-08-08;2015
"680";"Moose_sick";58,448483783856;14,1126452609368;"Human";2015-08-08;2015
"681";"Moose_sick";67,6764911179067;17,0321182729526;"Human";2015-08-08;2015
"682";"Moose_sick";59,5524014678414;15,8847476086082;"Human";2015-08-08;2015
"683";"Moose_sick";59,6247549978137;13,2149826309892;"Human";2015-09-08;2015
"684";"Moose_sick";60,0596443365555;16,7573485330648;"Human";2015-09-08;2015
"685";"Moose_sick";68,1912194666931;18,4337618132129;"Human";2015-10-08;2015
"686";"Moose_sick";62,1631345335634;12,3479374198509;"Human";2015-02-09;2015
"687";"Moose_sick";68,087086341836;21,7450069990469;"Human";2015-02-09;2015
"688";"Moose_sick";66,2026209963614;17,3678142824986;"Human";2015-02-09;2015
"689";"Moose_sick";58,9911801125879;14,7133701399036;"Human";2015-02-09;2015
"690";"Moose_sick";60,5527663566582;17,9220650461074;"Human";2015-03-09;2015
"691";"Moose_sick";67,1296167155941;17,7634419924565;"Human";2015-04-09;2015
"692";"Moose_sick";59,9911532148702;18,7420477193519;"Human";2015-05-09;2015
"693";"Moose_sick";59,3140423809862;16,2363652119684;"Human";2015-06-09;2015
"694";"Moose_sick";65,3419027850781;15,6896982580246;"Human";2015-06-09;2015
"695";"Moose_sick";57,5902983102481;12,8050272148157;"Human";2015-06-09;2015
"696";"Moose_sick";58,4592788750233;16,245335381428;"Human";2015-06-09;2015
"697";"Moose_sick";62,4241455451077;15,901579398657;"Human";2015-08-09;2015
"698";"Moose_sick";63,5228310779095;15,2878354503563;"Human";2015-08-09;2015
"699";"Moose_sick";62,9981218546342;16,1148399225617;"Human";2015-08-09;2015
"700";"Moose_sick";59,0649942100602;12,4001884562696;"Human";2015-08-09;2015
"701";"Moose_sick";63,0172277616873;15,6198535517293;"Human";2015-08-09;2015
"702";"Moose_sick";59,5710003773595;15,237961671402;"Human";2015-08-09;2015
"703";"Moose_sick";66,7910091125011;18,2982752692673;"Human";2015-09-09;2015
"704";"Moose_sick";60,2795169856203;18,134051698582;"Human";2015-09-09;2015
"705";"Moose_sick";61,0754272423892;13,5774616186764;"Human";2015-02-10;2015
"706";"Moose_sick";58,7295891425354;14,088552615136;"Human";2015-02-10;2015
"707";"Moose_sick";64,9312196803084;17,2184667010163;"Human";2015-02-10;2015
"708";"Moose_sick";62,4619746740476;13,5123283292367;"Human";2015-02-10;2015
"709";"Moose_sick";66,6248422896837;17,0841049498181;"Human";2015-05-10;2015
"710";"Moose_sick";56,7328546669259;16,7090854677276;"Human";2015-05-10;2015
"711";"Moose_sick";56,2768593592274;15,8637543546736;"Human";2015-06-10;2015
"712";"Moose_sick";59,2551970101089;12,7657017316619;"Human";2015-06-10;2015
"713";"Moose_sick";56,706589795273;15,3214226253432;"Human";2015-06-10;2015
"714";"Moose_sick";56,5774385191056;14,3968229745763;"Human";2015-06-10;2015
"715";"Moose_sick";64,7215956137093;14,9442691204613;"Human";2015-06-10;2015
"716";"Moose_sick";66,7929805977349;19,0655870677696;"Human";2015-06-10;2015
"717";"Moose_sick";59,9342892183613;17,1906749029024;"Human";2015-06-10;2015
"718";"Moose_sick";67,7220115628507;20,4185851681379;"Human";2015-06-10;2015
"719";"Moose_sick";59,3197885279993;13,2087393262054;"Human";2015-07-10;2015
"720";"Moose_sick";66,3783227877632;19,7510302605828;"Human";2015-08-10;2015
"721";"Moose_sick";65,08417814654;14,5636845937648;"Human";2015-09-10;2015
"722";"Moose_sick";68,0856595395865;18,715862960944;"Human";2015-09-10;2015
"723";"Moose_sick";59,7221604892275;18,3870670655922;"Human";2015-10-10;2015
"724";"Moose_sick";60,637558997864;17,0052342574572;"Human";2015-12-10;2015
"725";"Moose_sick";59,4446730931097;12,3258699827713;"Human";2015-01-11;2015
"726";"Moose_sick";58,3533253965997;12,2947234631522;"Human";2015-02-11;2015
"727";"Moose_sick";58,6462688618149;12,0544713717387;"Human";2015-02-11;2015
"728";"Moose_sick";63,1478331949044;16,4380021637964;"Human";2015-02-11;2015
"729";"Moose_sick";62,6536669578195;17,2247117311349;"Human";2015-02-11;2015
"730";"Moose_sick";60,1832250002238;15,1823444193513;"Human";2015-03-11;2015
"731";"Moose_sick";60,2845908773111;15,3506386196203;"Human";2015-04-11;2015
"732";"Moose_sick";65,2420927735468;15,2561709027666;"Human";2015-05-11;2015
"733";"Moose_sick";57,6114443246044;18,4128142553098;"Human";2015-05-11;2015
"734";"Moose_sick";59,8579204229281;12,7437215353579;"Human";2015-06-11;2015
"735";"Moose_sick";57,1966153972282;12,8026807423784;"Human";2015-06-11;2015
"736";"Moose_sick";66,8203884022817;16,178374946466;"Human";2015-06-11;2015
"737";"Moose_sick";62,1477282244669;17,3920794560456;"Human";2015-06-11;2015
"738";"Moose_sick";63,610942551315;16,0655465816011;"Human";2015-06-11;2015
"739";"Moose_sick";60,9122204641976;16,1571091526306;"Human";2015-06-11;2015
"740";"Moose_sick";61,2487436816582;16,5379365410757;"Human";2015-08-11;2015
"741";"Moose_sick";58,1464068645849;15,274101345079;"Human";2015-08-11;2015
"742";"Moose_sick";60,2455864508968;16,8868833807241;"Human";2015-08-11;2015
"743";"Moose_sick";59,8456663893493;15,2183618181938;"Human";2015-08-11;2015
"744";"Moose_sick";59,167284977611;15,2905721752567;"Human";2015-09-11;2015
"745";"Moose_sick";61,2572288582199;13,2667111221536;"Human";2015-09-11;2015
"746";"Moose_sick";60,1041226468855;16,1009205459772;"Human";2015-09-11;2015
"747";"Moose_sick";63,768159637596;13,4287572568127;"Human";2015-09-11;2015
"748";"Moose_sick";58,8745936055097;17,3904193490421;"Human";2015-10-11;2015
"749";"Moose_sick";58,4768788433747;11,4963787567788;"Human";2015-01-12;2015
"750";"Moose_sick";63,6837543872553;14,6077692940428;"Human";2015-01-12;2015
"751";"Moose_sick";60,3728901686246;17,2095242778351;"Human";2015-02-12;2015
"752";"Moose_sick";57,6233857093977;14,3133047961051;"Human";2015-02-12;2015
"753";"Moose_sick";65,6583947611585;18,0487734809137;"Human";2015-02-12;2015
"754";"Moose_sick";57,7730428302359;13,9496758436181;"Human";2015-03-12;2015
"755";"Moose_sick";59,7670298289851;17,5332122411509;"Human";2015-03-12;2015
"756";"Moose_sick";56,8759593101612;12,6418185469298;"Human";2015-05-12;2015
"757";"Moose_sick";57,9083506960234;15,0699488035455;"Human";2015-05-12;2015
"758";"Moose_sick";67,1233055141101;18,4173301288717;"Human";2015-06-12;2015
"759";"Moose_sick";63,7222018865127;17,6080814605429;"Human";2015-06-12;2015
"760";"Moose_sick";58,5417513217474;12,1985145025369;"Human";2015-06-12;2015
"761";"Moose_sick";60,2524010331667;16,0589010398223;"Human";2015-06-12;2015
"762";"Moose_sick";67,8780852384139;17,7187219573919;"Human";2015-07-12;2015
"763";"Moose_sick";63,2599524185841;17,649049499407;"Human";2015-07-12;2015
"764";"Moose_sick";56,5463827538138;14,2263909749414;"Human";2015-08-12;2015
"765";"Moose_sick";67,4887583290039;17,9847574821679;"Human";2015-08-12;2015
"766";"Moose_sick";58,1010747301994;16,7661367265799;"Human";2015-08-12;2015
"767";"Moose_sick";60,0389820634401;12,6271218961487;"Human";2015-08-12;2015
"768";"Moose_sick";59,9028530912607;15,3958252626068;"Human";2015-08-12;2015
"769";"Moose_sick";67,1644939967096;16,4883925484516;"Human";2015-08-12;2015
"770";"Moose_sick";64,7610128713085;19,369597848839;"Human";2015-09-12;2015
"771";"Moose_sick";61,6316624744026;16,0329583371821;"Human";2015-02-13;2015
"772";"Moose_sick";60,1385964845421;17,8266108838244;"Human";2015-02-13;2015
"773";"Moose_sick";57,9457220529229;15,0140766662871;"Human";2015-02-13;2015
"774";"Moose_sick";59,1583176127954;12,5271370586008;"Human";2015-02-13;2015
"775";"Moose_sick";65,3489296625096;16,1695630737203;"Human";2015-03-13;2015
"776";"Moose_sick";68,2757099675314;19,9206216793909;"Human";2015-04-13;2015
"777";"Moose_sick";61,5482676494846;15,9936368469808;"Human";2015-06-13;2015
"778";"Moose_sick";58,7380036506102;15,6744389314682;"Human";2015-06-13;2015
"779";"Moose_sick";66,4344271404255;19,9750119275312;"Human";2015-06-13;2015
"780";"Moose_sick";59,5999389893611;17,8322376907327;"Human";2015-07-13;2015
"781";"Moose_sick";62,5720249369816;12,9225087378952;"Human";2015-08-13;2015
"782";"Moose_sick";60,4418376738029;16,2440222088025;"Human";2015-08-13;2015
"783";"Moose_sick";65,5056406668811;15,5594860921433;"Human";2015-08-13;2015
"784";"Moose_sick";59,2273468737356;16,5135413269741;"Human";2015-08-13;2015
"785";"Moose_sick";60,6234889374347;16,8084624344516;"Human";2015-08-13;2015
"786";"Moose_sick";62,8935196831943;15,5895402832642;"Human";2015-08-13;2015
"787";"Moose_sick";59,2533030222073;18,0499922793301;"Human";2015-08-13;2015
"788";"Moose_sick";58,0078831825954;14,5961214941403;"Human";2015-09-13;2015
"789";"Moose_sick";61,1224886445769;17,0163964635627;"Human";2015-09-13;2015
"790";"Moose_sick";59,053418747703;14,1483482400601;"Human";2015-10-13;2015
"791";"Moose_sick";64,3147950253659;16,8796435391593;"Human";2015-10-13;2015
"792";"Moose_sick";62,6627226082892;16,7516292201917;"Human";2015-10-13;2015
"793";"Moose_sick";58,932988469385;16,7413709309979;"Human";2015-12-13;2015
"794";"Moose_sick";68,4093888094229;21,8221637208345;"Human";2015-01-14;2015
"795";"Moose_sick";68,2403172041034;22,7471425013801;"Human";2015-01-14;2015
"796";"Moose_sick";56,5728425898309;14,5494313294533;"Human";2015-02-14;2015
"797";"Moose_sick";66,7758677852198;18,5545273070036;"Human";2015-02-14;2015
"798";"Moose_sick";56,818775899153;12,972511367877;"Human";2015-03-14;2015
"799";"Moose_sick";56,2348392577309;14,275838025294;"Human";2015-03-14;2015
"800";"Moose_sick";57,0549840500894;12,7676247345594;"Human";2015-05-14;2015
"801";"Moose_sick";57,9189777783542;14,8271058363309;"Human";2015-06-14;2015
"802";"Moose_sick";63,2648539261354;17,4739037716987;"Human";2015-08-14;2015
"803";"Moose_sick";62,4428433431522;16,5467688075818;"Human";2015-08-14;2015
"804";"Moose_sick";58,8561944017907;12,247044872419;"Human";2015-08-14;2015
"805";"Moose_sick";67,578382407051;17,0122172909306;"Human";2015-08-14;2015
"806";"Moose_sick";58,9082515217311;16,5104465623856;"Human";2015-08-14;2015
"807";"Moose_sick";58,9875747148469;12,4463157465889;"Human";2015-10-14;2015
"808";"Moose_sick";64,6025325209712;15,6831750981752;"Human";2015-12-14;2015
"809";"Moose_sick";59,8880081185461;18,3689412304101;"Human";2015-02-15;2015
"810";"Moose_sick";63,7104823993438;15,3675979474262;"Human";2015-03-15;2015
"811";"Moose_sick";65,9333818470466;15,2488121080144;"Human";2015-05-15;2015
"812";"Moose_sick";63,0704602288662;18,0394149238633;"Human";2015-05-15;2015
"813";"Moose_sick";58,5771003654263;15,111824129592;"Human";2015-06-15;2015
"814";"Moose_sick";67,8789297028879;20,7750491604741;"Human";2015-06-15;2015
"815";"Moose_sick";56,7301918378221;15,8222047588192;"Human";2015-06-15;2015
"816";"Moose_sick";67,3541977554115;18,2081229091658;"Human";2015-06-15;2015
"817";"Moose_sick";57,959996804789;14,8190376876247;"Human";2015-06-15;2015
"818";"Moose_sick";67,085675303751;18,5658917663811;"Human";2015-07-15;2015
"819";"Moose_sick";60,5480578500534;16,5075671220704;"Human";2015-08-15;2015
"820";"Moose_sick";59,8675554617677;13,3364402217257;"Human";2015-08-15;2015
"821";"Moose_sick";61,2136167276346;14,9081787641027;"Human";2015-08-15;2015
"822";"Moose_sick";60,4202524493246;17,0121828435752;"Human";2015-08-15;2015
"823";"Moose_sick";66,2149479867325;18,1009676294097;"Human";2015-08-15;2015
"824";"Moose_sick";59,838229244478;15,5442196958461;"Human";2015-09-15;2015
"825";"Moose_sick";59,8583040202612;18,071618727072;"Human";2015-10-15;2015
"826";"Moose_sick";61,6915882900859;13,1744296481614;"Human";2015-10-15;2015
"827";"Moose_sick";60,3525230751522;14,6801600494476;"Human";2015-10-15;2015
"828";"Moose_sick";58,9116968538222;16,7549361027449;"Human";2015-10-15;2015
"829";"Moose_sick";60,8370556001309;16,9649197626031;"Human";2015-01-16;2015
"830";"Moose_sick";62,4698809466253;13,2378546166677;"Human";2015-01-16;2015
"831";"Moose_sick";63,6000214522988;12,6947935149729;"Human";2015-02-16;2015
"832";"Moose_sick";68,1544708972453;20,6704859455127;"Human";2015-02-16;2015
"833";"Moose_sick";65,4375135281584;16,5352192534821;"Human";2015-02-16;2015
"834";"Moose_sick";60,532428021212;15,8281115513639;"Human";2015-02-16;2015
"835";"Moose_sick";60,619326472254;17,3165166812089;"Human";2015-02-16;2015
"836";"Moose_sick";58,7677674870282;12,8180174526561;"Human";2015-04-16;2015
"837";"Moose_sick";65,6069708096995;21,9797276983963;"Human";2015-06-16;2015
"838";"Moose_sick";56,3263842313612;14,4793175299661;"Human";2015-06-16;2015
"839";"Moose_sick";60,3173814725537;15,5391340751498;"Human";2015-06-16;2015
"840";"Moose_sick";59,3728232635656;13,3470618843929;"Human";2015-06-16;2015
"841";"Moose_sick";60,406127421407;17,6334481470981;"Human";2015-06-16;2015
"842";"Moose_sick";66,7396443006136;17,2240617105214;"Human";2015-06-16;2015
"843";"Moose_sick";66,5781831683108;17,4071319178463;"Human";2015-06-16;2015
"844";"Moose_sick";59,8117826683285;17,1689039860367;"Human";2015-07-16;2015
"845";"Moose_sick";59,3853153259276;16,1089519736117;"Human";2015-08-16;2015
"846";"Moose_sick";60,110814267219;15,7082450190652;"Human";2015-08-16;2015
"847";"Moose_sick";59,6286365756494;14,5552024997024;"Human";2015-08-16;2015
"848";"Moose_sick";59,2139131110653;12,4253779750291;"Human";2015-08-16;2015
"849";"Moose_sick";61,9295172076097;13,1400497826396;"Human";2015-08-16;2015
"850";"Moose_sick";66,3006098586062;17,3896550025419;"Human";2015-08-16;2015
"851";"Moose_sick";62,6887201972959;17,0716539641408;"Human";2015-08-16;2015
"852";"Moose_sick";57,800654329608;15,0069162615092;"Human";2015-09-16;2015
"853";"Moose_sick";65,965092043498;14,7541410307184;"Human";2015-09-16;2015
"854";"Moose_sick";68,3561607260961;19,9984113025262;"Human";2015-02-17;2015
"855";"Moose_sick";56,8796643597509;16,4033600044314;"Human";2015-02-17;2015
"856";"Moose_sick";61,1795399520959;15,8917959590474;"Human";2015-05-17;2015
"857";"Moose_sick";63,04446830757;15,7128269978277;"Human";2015-05-17;2015
"858";"Moose_sick";67,9769502860226;22,3212459418682;"Human";2015-06-17;2015
"859";"Moose_sick";60,4598369525312;16,6223237319725;"Human";2015-07-17;2015
"860";"Moose_sick";67,3706152147776;17,9834273016237;"Human";2015-08-17;2015
"861";"Moose_sick";62,4765273305697;12,7656543134307;"Human";2015-08-17;2015
"862";"Moose_sick";66,8676649555909;17,9005275291386;"Human";2015-08-17;2015
"863";"Moose_sick";64,7580140758266;15,2441089386179;"Human";2015-08-17;2015
"864";"Moose_sick";65,4300165691855;17,1084770592486;"Human";2015-08-17;2015
"865";"Moose_sick";60,33971549577;15,9273561827839;"Human";2015-08-17;2015
"866";"Moose_sick";63,993341309423;12,9355680814631;"Human";2015-08-17;2015
"867";"Moose_sick";56,9024441206398;12,668058158608;"Human";2015-08-17;2015
"868";"Moose_sick";63,9971626829647;17,2627146565991;"Human";2015-09-17;2015
"869";"Moose_sick";56,1211305752399;13,179883304794;"Human";2015-09-17;2015
"870";"Moose_sick";61,3924962402637;15,9422539519221;"Human";2015-01-18;2015
"871";"Moose_sick";65,2309474452536;16,2171370085468;"Human";2015-02-18;2015
"872";"Moose_sick";63,2767388101509;12,4649018297289;"Human";2015-02-18;2015
"873";"Moose_sick";58,7854445241375;14,6137109597791;"Human";2015-03-18;2015
"874";"Moose_sick";60,2265104144872;16,3255702109575;"Human";2015-03-18;2015
"875";"Moose_sick";60,6666413151998;15,3611969429256;"Human";2015-05-18;2015
"876";"Moose_sick";62,1979010653146;15,712296963941;"Human";2015-06-18;2015
"877";"Moose_sick";59,261893031676;17,2111273513111;"Human";2015-06-18;2015
"878";"Moose_sick";65,7332976707028;20,3217046212479;"Human";2015-06-18;2015
"879";"Moose_sick";57,0833068060836;14,9098934773086;"Human";2015-08-18;2015
"880";"Moose_sick";59,5845170610071;12,6080825131503;"Human";2015-08-18;2015
"881";"Moose_sick";65,5663568202229;18,4737843905219;"Human";2015-08-18;2015
"882";"Moose_sick";57,0056584299123;15,1657931971117;"Human";2015-08-18;2015
"883";"Moose_sick";64,7966800113118;18,8138736398001;"Human";2015-08-18;2015
"884";"Moose_sick";61,4403687659824;15,8170645641186;"Human";2015-08-18;2015
"885";"Moose_sick";61,3754256093881;16,978350817014;"Human";2015-09-18;2015
"886";"Moose_sick";67,8621050971058;20,8232935188866;"Human";2015-10-18;2015
"887";"Moose_sick";60,2729277332238;15,7094908790419;"Human";2015-12-18;2015
"888";"Moose_sick";67,9520642317413;20,568957520056;"Human";2015-01-19;2015
"889";"Moose_sick";59,6931991863637;12,4289925360435;"Human";2015-01-19;2015
"890";"Moose_sick";66,6115941800224;19,6311133438972;"Human";2015-02-19;2015
"891";"Moose_sick";58,5640516725774;15,7701650456415;"Human";2015-03-19;2015
"892";"Moose_sick";66,2371845328632;16,6277055922863;"Human";2015-05-19;2015
"893";"Moose_sick";58,8950713249592;14,4263600001924;"Human";2015-06-19;2015
"894";"Moose_sick";63,2614216581764;17,6024262191824;"Human";2015-08-19;2015
"895";"Moose_sick";65,4774648829215;19,2498838187054;"Human";2015-08-19;2015
"896";"Moose_sick";56,3025779359323;13,8111719869239;"Human";2015-08-19;2015
"897";"Moose_sick";59,4666787784072;17,2593991381107;"Human";2015-08-19;2015
"898";"Moose_sick";66,0565796494593;18,5876892169639;"Human";2015-08-19;2015
"899";"Moose_sick";60,1304693098789;16,3835050318924;"Human";2015-08-19;2015
"900";"Moose_sick";66,1165977674476;17,2090586177173;"Human";2015-08-19;2015
"901";"Moose_sick";68,2166087777634;19,9308264384093;"Human";2015-08-19;2015
"902";"Moose_sick";60,8986849251021;16,5004332972045;"Human";2015-08-19;2015
"903";"Moose_sick";65,8204287402405;15,6808256381038;"Human";2015-08-19;2015
"904";"Moose_sick";66,4411412647063;18,1386309357536;"Human";2015-02-20;2015
"905";"Moose_sick";58,5867909532339;13,5024623761244;"Human";2015-02-20;2015
"906";"Moose_sick";63,089633704905;12,8157548067707;"Human";2015-03-20;2015
"907";"Moose_sick";64,9939986363376;16,296696247404;"Human";2015-05-20;2015
"908";"Moose_sick";66,4286567848611;17,675558621363;"Human";2015-05-20;2015
"909";"Moose_sick";61,476592490014;16,7544247103027;"Human";2015-05-20;2015
"910";"Moose_sick";62,6815316399817;17,4673058827031;"Human";2015-05-20;2015
"911";"Moose_sick";67,3465133315558;17,2991244637249;"Human";2015-05-20;2015
"912";"Moose_sick";64,2344299262574;15,8261204757356;"Human";2015-05-20;2015
"913";"Moose_sick";61,5194957929429;15,3594471125811;"Human";2015-05-20;2015
"914";"Moose_sick";59,0394544726814;13,4282473955664;"Human";2015-05-20;2015
"915";"Moose_sick";60,7827380094187;16,9466083673276;"Human";2015-05-20;2015
"916";"Moose_sick";65,739611928204;16,0655540111224;"Human";2015-05-20;2015
"917";"Moose_sick";61,2753766498476;15,4832749951441;"Human";2015-05-20;2015
"918";"Moose_sick";59,9228929836502;18,3477874777365;"Human";2015-07-20;2015
"919";"Moose_sick";68,8442797104575;20,5212943833823;"Human";2015-08-20;2015
"920";"Moose_sick";58,0844729369118;13,6334533374332;"Human";2015-08-20;2015
"921";"Moose_sick";64,8747151318678;15,8552227043364;"Human";2015-08-20;2015
"922";"Moose_sick";59,6989373010539;15,5604073904596;"Human";2015-08-20;2015
"923";"Moose_sick";62,9497184518674;15,4384425856129;"Human";2015-08-20;2015
"924";"Moose_sick";68,2392965394934;19,4569219486663;"Human";2015-08-20;2015
"925";"Moose_sick";59,3535229456685;12,3077355161167;"Human";2015-09-20;2015
"926";"Moose_sick";65,153766659409;16,819591666374;"Human";2015-10-20;2015
"927";"Moose_sick";60,6759081642277;16,3766286465173;"Human";2015-10-20;2015
"928";"Moose_sick";59,9894246715743;14,9256197394909;"Human";2015-02-21;2015
"929";"Moose_sick";60,1743803374886;15,8890572293195;"Human";2015-02-21;2015
"930";"Moose_sick";59,1178419500855;14,9170592040996;"Human";2015-02-21;2015
"931";"Moose_sick";57,2697309760033;13,0915215385125;"Human";2015-02-21;2015
"932";"Moose_sick";65,4507919075926;15,0716558135769;"Human";2015-02-21;2015
"933";"Moose_sick";62,2337167431104;14,626392498106;"Human";2015-02-21;2015
"934";"Moose_sick";57,94860218179;11,5772574250555;"Human";2015-03-21;2015
"935";"Moose_sick";61,9336843151559;15,5764466848415;"Human";2015-03-21;2015
"936";"Moose_sick";62,6839103342448;13,9109143915024;"Human";2015-05-21;2015
"937";"Moose_sick";58,3748698531465;14,2136057722621;"Human";2015-05-21;2015
"938";"Moose_sick";67,0508721410603;19,2829604230009;"Human";2015-05-21;2015
"939";"Moose_sick";64,3906287144384;14,2096855843822;"Human";2015-05-21;2015
"940";"Moose_sick";65,0512273521254;16,3904504801632;"Human";2015-05-21;2015
"941";"Moose_sick";58,8133876106891;14,6849719987399;"Human";2015-05-21;2015
"942";"Moose_sick";60,4788895673658;16,4071621332776;"Human";2015-05-21;2015
"943";"Moose_sick";59,3628191840599;12,4337464553157;"Human";2015-06-21;2015
"944";"Moose_sick";63,3287606745188;17,6415338965534;"Human";2015-06-21;2015
"945";"Moose_sick";66,4503895827296;17,3651351059335;"Human";2015-08-21;2015
"946";"Moose_sick";60,2496356148621;15,2058870918222;"Human";2015-09-21;2015
"947";"Moose_sick";60,9257911381662;15,7747269554347;"Human";2015-10-21;2015
"948";"Moose_sick";63,5355937552456;16,6423111024084;"Human";2015-02-22;2015
"949";"Moose_sick";62,8683638681124;14,2427397819239;"Human";2015-02-22;2015
"950";"Moose_sick";62,6803065090021;13,0343270271571;"Human";2015-02-22;2015
"951";"Moose_sick";61,9769176500848;17,0679092203105;"Human";2015-02-22;2015
"952";"Moose_sick";61,1923942694137;15,8532391550825;"Human";2015-05-22;2015
"953";"Moose_sick";59,0401390501085;12,6364377229501;"Human";2015-05-22;2015
"954";"Moose_sick";59,4173087653614;14,5734317435367;"Human";2015-05-22;2015
"955";"Moose_sick";65,477596516151;14,5422369253136;"Human";2015-05-22;2015
"956";"Moose_sick";67,6706814064811;19,7445099059545;"Human";2015-06-22;2015
"957";"Moose_sick";59,7238863574734;16,5350389153073;"Human";2015-07-22;2015
"958";"Moose_sick";66,5502471870176;22,0741655715194;"Human";2015-07-22;2015
"959";"Moose_sick";68,4234075727284;18,570208839855;"Human";2015-10-22;2015
"960";"Moose_sick";62,3289294552127;13,3747187658212;"Human";2015-11-22;2015
"961";"Moose_sick";65,7174736462408;14,6878381079338;"Human";2015-02-23;2015
"962";"Moose_sick";62,8653208261449;18,3396590831735;"Human";2015-02-23;2015
"963";"Moose_sick";62,3650111182554;15,8640172709476;"Human";2015-02-23;2015
"964";"Moose_sick";56,2205369566251;14,474429083262;"Human";2015-03-23;2015
"965";"Moose_sick";58,8385830732966;14,7651106259905;"Human";2015-05-23;2015
"966";"Moose_sick";60,2080810650954;17,9057615274884;"Human";2015-05-23;2015
"967";"Moose_sick";58,3786678102123;14,4853781011281;"Human";2015-05-23;2015
"968";"Moose_sick";66,4671417919656;19,4898391065046;"Human";2015-05-23;2015
"969";"Moose_sick";67,9160023890709;21,5458479729463;"Human";2015-05-23;2015
"970";"Moose_sick";59,6981356772003;16,89155197644;"Human";2015-05-23;2015
"971";"Moose_sick";63,0263646086445;15,447464334094;"Human";2015-05-23;2015
"972";"Moose_sick";65,4775285461284;18,1667639225995;"Human";2015-06-23;2015
"973";"Moose_sick";56,6517206736774;16,0458240270231;"Human";2015-06-23;2015
"974";"Moose_sick";61,8028229864691;16,325702578181;"Human";2015-07-23;2015
"975";"Moose_sick";59,9008643092593;12,7867230029474;"Human";2015-08-23;2015
"976";"Moose_sick";62,3372640080323;12,5420351236811;"Human";2015-08-23;2015
"977";"Moose_sick";65,7630432349004;19,3211669288144;"Human";2015-08-23;2015
"978";"Moose_sick";67,8666782419041;21,1079764407352;"Human";2015-09-23;2015
"979";"Moose_sick";62,1388199672734;16,3492118015876;"Human";2015-09-23;2015
"980";"Moose_sick";68,2594045280606;19,2464639510497;"Human";2015-10-23;2015
"981";"Moose_sick";67,9332170192695;22,9152950460199;"Human";2015-01-24;2015
"982";"Moose_sick";64,6682623885496;13,8150637685033;"Human";2015-02-24;2015
"983";"Moose_sick";57,9332140732879;13,0057681052017;"Human";2015-02-24;2015
"984";"Moose_sick";67,1671201074782;16,6460946709632;"Human";2015-02-24;2015
"985";"Moose_sick";58,9601430065302;16,6296431069216;"Human";2015-05-24;2015
"986";"Moose_sick";62,1101304299699;17,0531758537137;"Human";2015-05-24;2015
"987";"Moose_sick";61,0196933870079;15,5431761297602;"Human";2015-05-24;2015
"988";"Moose_sick";61,6215682494344;16,9067392198268;"Human";2015-06-24;2015
"989";"Moose_sick";57,4746742672173;18,436441597887;"Human";2015-07-24;2015
"990";"Moose_sick";61,4645469956422;15,599970087603;"Human";2015-08-24;2015
"991";"Moose_sick";60,2732822700945;13,5147835769436;"Human";2015-08-24;2015
"992";"Moose_sick";63,0463899074446;18,2271832084593;"Human";2015-08-24;2015
"993";"Moose_sick";63,7761214649085;15,3849692970157;"Human";2015-08-24;2015
"994";"Moose_sick";62,5723513433861;14,9683731332507;"Human";2015-08-24;2015
"995";"Moose_sick";59,5868274343058;11,7392801024622;"Human";2015-08-24;2015
"996";"Moose_sick";63,9433698816112;12,9124224964659;"Human";2015-08-24;2015
"997";"Moose_sick";59,0883709444899;13,733220766275;"Human";2015-09-24;2015
"998";"Moose_sick";56,8082571558185;15,9010971272259;"Human";2015-10-24;2015
"999";"Moose_sick";57,1590872555958;12,2275732572264;"Human";2015-01-25;2015
"1000";"Moose_sick";60,5876182271267;15,0844508630731;"Human";2015-02-25;2015
"1001";"Moose_sick";59,0256678726072;17,3125113584576;"Human";2015-02-25;2015
"1002";"Moose_sick";63,1883965534631;12,3265066413129;"Human";2015-02-25;2015
"1003";"Moose_sick";58,8876631636133;15,6271769141219;"Human";2015-02-25;2015
"1004";"Moose_sick";63,5987938185512;15,599757092071;"Human";2015-04-25;2015
"1005";"Moose_sick";62,3893496736638;16,4678918388754;"Human";2015-05-25;2015
"1006";"Moose_sick";59,5269738500145;13,1065109516075;"Human";2015-05-25;2015
"1007";"Moose_sick";65,5172037645509;15,0706146024889;"Human";2015-05-25;2015
"1008";"Moose_sick";59,8999371564972;16,8462761703185;"Human";2015-05-25;2015
"1009";"Moose_sick";63,7560508439973;12,7003968256868;"Human";2015-07-25;2015
"1010";"Moose_sick";58,7240599599301;11,5720619066746;"Human";2015-08-25;2015
"1011";"Moose_sick";58,9779021188107;15,8886044402744;"Human";2015-08-25;2015
"1012";"Moose_sick";63,6612660600578;15,129031639517;"Human";2015-11-25;2015
"1013";"Moose_sick";65,5934419647488;15,7632835380226;"Human";2015-12-25;2015
"1014";"Moose_sick";61,8806168626807;16,7768201668341;"Human";2015-03-26;2015
"1015";"Moose_sick";66,47199464829;19,4649611692797;"Human";2015-03-26;2015
"1016";"Moose_sick";62,9131327310352;13,1616883806137;"Human";2015-05-26;2015
"1017";"Moose_sick";62,9999864970288;17,8032348253248;"Human";2015-05-26;2015
"1018";"Moose_sick";60,2899509796853;15,9642514486918;"Human";2015-05-26;2015
"1019";"Moose_sick";61,0976078351022;17,0743080810888;"Human";2015-05-26;2015
"1020";"Moose_sick";62,4864916064382;13,5242832553194;"Human";2015-05-26;2015
"1021";"Moose_sick";60,5389622188465;16,5183096005921;"Human";2015-08-26;2015
"1022";"Moose_sick";60,479038625063;14,8087099673438;"Human";2015-08-26;2015
"1023";"Moose_sick";60,0429998271756;15,2626512043387;"Human";2015-08-26;2015
"1024";"Moose_sick";59,866551253265;15,5135730897943;"Human";2015-08-26;2015
"1025";"Moose_sick";64,6791621812333;14,2864284214403;"Human";2015-09-26;2015
"1026";"Moose_sick";62,6401342973578;12,2152450851244;"Human";2015-10-26;2015
"1027";"Moose_sick";68,1711118283558;18,9462086632888;"Human";2015-02-27;2015
"1028";"Moose_sick";66,8527938041076;17,2269470623295;"Human";2015-02-27;2015
"1029";"Moose_sick";66,5950784212116;18,7808475424483;"Human";2015-03-27;2015
"1030";"Moose_sick";63,0465251518767;12,7754524225393;"Human";2015-04-27;2015
"1031";"Moose_sick";58,3768477899037;13,1058052837812;"Human";2015-05-27;2015
"1032";"Moose_sick";58,8586597890178;12,2738731374094;"Human";2015-05-27;2015
"1033";"Moose_sick";63,063525747614;16,3801403797318;"Human";2015-05-27;2015
"1034";"Moose_sick";59,5323436982029;18,4864005917593;"Human";2015-05-27;2015
"1035";"Moose_sick";61,7002271528985;12,86982341612;"Human";2015-05-27;2015
"1036";"Moose_sick";61,4775076599889;12,8684139880356;"Human";2015-05-27;2015
"1037";"Moose_sick";62,264773389642;13,9879940373994;"Human";2015-05-27;2015
"1038";"Moose_sick";62,5026945191174;17,3435641978219;"Human";2015-06-27;2015
"1039";"Moose_sick";59,1572446859859;18,2254663593741;"Human";2015-07-27;2015
"1040";"Moose_sick";60,0494864877861;18,028734844571;"Human";2015-08-27;2015
"1041";"Moose_sick";60,3826142275432;18,0652493715196;"Human";2015-08-27;2015
"1042";"Moose_sick";65,3047302909553;16,522460496689;"Human";2015-08-27;2015
"1043";"Moose_sick";60,069519593538;16,3393464149871;"Human";2015-08-27;2015
"1044";"Moose_sick";57,868011136192;19,0034845263128;"Human";2015-08-27;2015
"1045";"Moose_sick";56,6749718402776;12,7669130202913;"Human";2015-08-27;2015
"1046";"Moose_sick";60,0119306461077;16,6732919899553;"Human";2015-08-27;2015
"1047";"Moose_sick";63,3177763110465;15,5219885188118;"Human";2015-12-27;2015
"1048";"Moose_sick";56,354643420158;14,16011560414;"Human";2015-12-27;2015
"1049";"Moose_sick";59,2157255737873;16,3000224487655;"Human";2015-01-28;2015
"1050";"Moose_sick";68,0195200601768;21,0220332851951;"Human";2015-01-28;2015
"1051";"Moose_sick";56,877486367784;15,9584961617906;"Human";2015-01-28;2015
"1052";"Moose_sick";62,1279150502824;12,9654768717802;"Human";2015-01-28;2015
"1053";"Moose_sick";60,9958532020951;13,0771706028689;"Human";2015-01-28;2015
"1054";"Moose_sick";66,9964868390114;17,5084508680123;"Human";2015-03-28;2015
"1055";"Moose_sick";60,5963613877798;16,8414858854928;"Human";2015-03-28;2015
"1056";"Moose_sick";59,9853253026552;17,0592281044828;"Human";2015-04-28;2015
"1057";"Moose_sick";58,2956599271624;11,8246367318276;"Human";2015-04-28;2015
"1058";"Moose_sick";66,3394087032278;18,1418448698556;"Human";2015-04-28;2015
"1059";"Moose_sick";61,4530482822234;12,9106418035396;"Human";2015-05-28;2015
"1060";"Moose_sick";64,3811764223261;16,48734614876;"Human";2015-05-28;2015
"1061";"Moose_sick";59,6517515070878;15,0447525684553;"Human";2015-06-28;2015
"1062";"Moose_sick";58,5646029158493;13,3551056988234;"Human";2015-06-28;2015
"1063";"Moose_sick";60,0949932128642;16,0370458653632;"Human";2015-08-28;2015
"1064";"Moose_sick";63,4960062422161;13,4460592416212;"Human";2015-08-28;2015
"1065";"Moose_sick";61,8813470018066;17,178565195458;"Human";2015-08-28;2015
"1066";"Moose_sick";64,4794145307337;16,0552246394666;"Human";2015-08-28;2015
"1067";"Moose_sick";58,9691252931188;11,9382382757844;"Human";2015-08-28;2015
"1068";"Moose_sick";63,9326566192979;13,0296395329135;"Human";2015-08-28;2015
"1069";"Moose_sick";65,1656896482766;18,7223884398338;"Human";2015-08-28;2015
"1070";"Moose_sick";56,9145927331281;12,6879584383301;"Human";2015-08-28;2015
"1071";"Moose_sick";59,1321641938335;12,5835984683435;"Human";2015-10-28;2015
"1072";"Moose_sick";59,8327285395959;18,5912836307038;"Human";2015-01-29;2015
"1073";"Moose_sick";59,2456706092793;13,153019535918;"Human";2015-05-29;2015
"1074";"Moose_sick";56,6949861667887;15,0932265226389;"Human";2015-05-29;2015
"1075";"Moose_sick";59,9362167462111;16,4224468284336;"Human";2015-05-29;2015
"1076";"Moose_sick";63,0903487902068;14,9731147659801;"Human";2015-05-29;2015
"1077";"Moose_sick";58,7929222010796;12,072522743843;"Human";2015-07-29;2015
"1078";"Moose_sick";65,5142997048107;17,4073090283586;"Human";2015-07-29;2015
"1079";"Moose_sick";60,3002103832831;15,3952680900707;"Human";2015-07-29;2015
"1080";"Moose_sick";61,8141003611477;15,6989843336422;"Human";2015-07-29;2015
"1081";"Moose_sick";59,057902969998;12,9999528175949;"Human";2015-07-29;2015
"1082";"Moose_sick";61,0041051873077;15,2113891281342;"Human";2015-08-29;2015
"1083";"Moose_sick";59,4391308287537;13,0174223911684;"Human";2015-08-29;2015
"1084";"Moose_sick";59,744260021002;17,7081397357482;"Human";2015-08-29;2015
"1085";"Moose_sick";65,421883899552;17,6677042478022;"Human";2015-08-29;2015
"1086";"Moose_sick";61,134169097788;16,125070884824;"Human";2015-08-29;2015
"1087";"Moose_sick";65,0365657202189;14,7861072013587;"Human";2015-08-29;2015
"1088";"Moose_sick";68,4733897602096;19,1498477901891;"Human";2015-08-29;2015
"1089";"Moose_sick";56,1063253885539;13,7526112377671;"Moose";2015-12-29;2015
"1090";"Moose_sick";62,261933000995;16,0769242801649;"Human";2015-01-30;2015
"1091";"Moose_sick";56,7207326941038;13,7029414931951;"Human";2015-01-30;2015
"1092";"Moose_sick";57,3887790134904;12,7538649997666;"Human";2015-01-30;2015
"1093";"Moose_sick";67,1937156449014;17,6872975181872;"Human";2015-04-30;2015
"1094";"Moose_sick";60,0499870898257;17,8719673744025;"Human";2015-05-30;2015
"1095";"Moose_sick";56,4278660825632;16,0162047630909;"Human";2015-05-30;2015
"1096";"Moose_sick";68,4333200448117;18,8746778483392;"Human";2015-05-30;2015
"1097";"Moose_sick";58,3110383195415;15,3983483912696;"Human";2015-05-30;2015
"1098";"Moose_sick";59,3046049875059;12,1528589296514;"Human";2015-05-30;2015
"1099";"Moose_sick";65,1840533577978;18,7838084827519;"Human";2015-05-30;2015
"1100";"Moose_sick";59,941515508578;13,3845888988588;"Human";2015-05-30;2015
"1101";"Moose_sick";61,3653478579834;16,0035493567513;"Human";2015-05-30;2015
"1102";"Moose_sick";60,2183357654355;13,1560913195866;"Human";2015-05-30;2015
"1103";"Moose_sick";67,3292969274787;22,7169265410799;"Human";2015-06-30;2015
"1104";"Moose_sick";62,5354384614195;15,2582605265011;"Human";2015-06-30;2015
"1105";"Moose_sick";60,766830929525;15,2672471669389;"Human";2015-07-30;2015
"1106";"Moose_sick";68,4663804025012;18,6043184377742;"Human";2015-07-30;2015
"1107";"Moose_sick";61,0140689223812;15,8585272167374;"Human";2015-07-30;2015
"1108";"Moose_sick";65,6244132450186;16,4922897833657;"Human";2015-07-30;2015
"1109";"Moose_sick";62,5149321205586;16,3632502895124;"Human";2015-08-30;2015
"1110";"Moose_sick";59,2541253309775;14,3256987052132;"Human";2015-08-30;2015
"1111";"Moose_sick";61,7895663195784;16,43186666656;"Human";2015-08-30;2015
"1112";"Moose_sick";62,9886276813076;15,3167522517865;"Human";2015-10-30;2015
"1113";"Moose_sick";56,550472994171;13,7931206969026;"Human";2015-11-30;2015
"1114";"Moose_sick";63,048480774539;16,9177307555342;"Human";2015-01-31;2015
"1115";"Moose_sick";66,131198202386;17,2796295751932;"Human";2015-01-31;2015
"1116";"Moose_sick";65,1608205497312;20,2939986927864;"Human";2015-05-31;2015
"1117";"Moose_sick";61,1593041652946;14,8414586129885;"Human";2015-05-31;2015
"1118";"Moose_sick";57,1183676959161;14,1463783809943;"Human";2015-05-31;2015
"1119";"Moose_sick";61,8734410318202;12,8838179057801;"Human";2015-05-31;2015
"1120";"Moose_sick";59,2344280228988;15,722158834174;"Human";2015-05-31;2015
"1121";"Moose_sick";65,0068920798224;15,5822965153116;"Human";2015-05-31;2015
"1122";"Moose_sick";65,9314098013719;22,9543467136461;"Human";2015-05-31;2015
"1123";"Moose_sick";65,401742356745;14,5350365513503;"Human";2015-05-31;2015
"1124";"Moose_sick";63,2465311404571;15,9600966925728;"Human";2015-05-31;2015
"1125";"Moose_sick";62,4940941035781;16,3458327018042;"Human";2015-05-31;2015
"1126";"Moose_sick";58,4769823616472;16,6072226172742;"Human";2015-05-31;2015
"1127";"Moose_sick";62,4754981566268;12,3309833429489;"Human";2015-07-31;2015
"1128";"Moose_sick";58,436728053312;14,2320985785942;"Human";2015-07-31;2015
"1129";"Moose_sick";58,5868521428676;14,0733590819522;"Human";2015-08-31;2015
"1130";"Moose_sick";58,4081032469237;16,0062866978562;"Human";2015-08-31;2015
"1131";"Moose_sick";66,1526651417003;18,6060770975004;"Human";2015-08-31;2015
"1132";"Moose_sick";67,9177196565588;22,1081266781769;"Human";2015-08-31;2015
"1133";"Moose_sick";59,5859488895229;12,3629500364171;"Human";2015-08-31;2015
"1134";"Moose_sick";58,5717953414584;15,8332358604508;"Human";2015-08-31;2015
"1135";"Moose_sick";67,8701761630583;22,3421063183246;"Human";2015-08-31;2015
"1136";"Moose_sick";67,8714386292268;21,5435056443413;"Human";2015-10-31;2015
"1137";"Moose_sick";60,4893871960239;16,0661894798374;"Human";2015-10-31;2015
"1138";"Moose_sick";61,3028109498851;16,9392965194055;"Human";2015-10-31;2015
"1139";"Moose_sick";59,4219155620712;12,8312070931376;"Human";2015-10-31;2015
